province,year,feature,feature_value,shap_value,abs_shap,ensemble_base_value,y_predicted
ACEH,2025,poverty_rate_lag1,13.435,2.5038324057993897,2.5038324057993897,11.04970299745474,13.258760549623286
ACEH,2025,hdi_lag1,74.7,-0.22725161441029548,0.22725161441029548,11.04970299745474,13.258760549623286
ACEH,2025,tpt_lag1,5.890000000000001,0.032487508286660735,0.032487508286660735,11.04970299745474,13.258760549623286
ACEH,2025,tpak_lag1,64.945,-0.013824415239573635,0.013824415239573635,11.04970299745474,13.258760549623286
ACEH,2025,aps_1315_lag1,97.72,-0.06047344396245585,0.06047344396245585,11.04970299745474,13.258760549623286
ACEH,2025,mean_years_schooling_lag1,9.95,-0.028803878436108654,0.028803878436108654,11.04970299745474,13.258760549623286
ACEH,2025,expected_years_schooling_lag1,14.39,-0.022383577540685144,0.022383577540685144,11.04970299745474,13.258760549623286
ACEH,2025,log_poverty_line_lag1,13.405345924364475,0.02547619869444337,0.02547619869444337,11.04970299745474,13.258760549623286
ACEH,2026,poverty_rate_lag1,13.258760549623286,2.174872555111474,2.174872555111474,11.04970299745474,12.953304651584995
ACEH,2026,hdi_lag1,75.09333333333325,-0.22269964889190708,0.22269964889190708,11.04970299745474,12.953304651584995
ACEH,2026,tpt_lag1,5.769999999999982,0.021719843433248304,0.021719843433248304,11.04970299745474,12.953304651584995
ACEH,2026,tpak_lag1,65.6916666666666,-0.016477859489297857,0.016477859489297857,11.04970299745474,12.953304651584995
ACEH,2026,aps_1315_lag1,97.55999999999997,-0.05377178716642522,0.05377178716642522,11.04970299745474,12.953304651584995
ACEH,2026,mean_years_schooling_lag1,10.050000000000011,-0.02717669948027028,0.02717669948027028,11.04970299745474,12.953304651584995
ACEH,2026,expected_years_schooling_lag1,14.400000000000004,-0.023271504535804215,0.023271504535804215,11.04970299745474,12.953304651584995
ACEH,2026,log_poverty_line_lag1,13.439294480976116,0.050408036978632775,0.050408036978632775,11.04970299745474,12.953304651584995
BALI,2025,poverty_rate_lag1,3.9,-6.414813025752384,6.414813025752384,11.04970299745474,4.10944242090958
BALI,2025,hdi_lag1,78.01,-0.3055497429834739,0.3055497429834739,11.04970299745474,4.10944242090958
BALI,2025,tpt_lag1,3.21,-0.012972292601709744,0.012972292601709744,11.04970299745474,4.10944242090958
BALI,2025,tpak_lag1,77.13499999999999,0.015487738955426093,0.015487738955426093,11.04970299745474,4.10944242090958
BALI,2025,aps_1315_lag1,97.95,-0.05601739442115619,0.05601739442115619,11.04970299745474,4.10944242090958
BALI,2025,mean_years_schooling_lag1,9.87,-0.041961388167821315,0.041961388167821315,11.04970299745474,4.10944242090958
BALI,2025,expected_years_schooling_lag1,13.62,-0.09599908426373371,0.09599908426373371,11.04970299745474,4.10944242090958
BALI,2025,log_poverty_line_lag1,13.261095224195765,-0.028435613297615646,0.028435613297615646,11.04970299745474,4.10944242090958
BALI,2026,poverty_rate_lag1,4.10944242090958,-6.341277589776371,6.341277589776371,11.04970299745474,4.267468822534465
BALI,2026,hdi_lag1,78.66999999999996,-0.3042625879136761,0.3042625879136761,11.04970299745474,4.267468822534465
BALI,2026,tpt_lag1,2.1175000000000637,-0.05828247123521319,0.05828247123521319,11.04970299745474,4.267468822534465
BALI,2026,tpak_lag1,78.88999999999987,0.02975252334879954,0.02975252334879954,11.04970299745474,4.267468822534465
BALI,2026,aps_1315_lag1,97.815,-0.05474619129327092,0.05474619129327092,11.04970299745474,4.267468822534465
BALI,2026,mean_years_schooling_lag1,10.014999999999986,-0.04448558472364937,0.04448558472364937,11.04970299745474,4.267468822534465
BALI,2026,expected_years_schooling_lag1,13.710000000000008,-0.009045185804789241,0.009045185804789241,11.04970299745474,4.267468822534465
BALI,2026,log_poverty_line_lag1,13.29724766054104,0.0001131981723993293,0.0001131981723993293,11.04970299745474,4.267468822534465
BANTEN,2025,poverty_rate_lag1,5.77,-5.121668128974507,5.121668128974507,11.04970299745474,5.531373050056949
BANTEN,2025,hdi_lag1,75.77,-0.28651081946829543,0.28651081946829543,11.04970299745474,5.531373050056949
BANTEN,2025,tpt_lag1,7.744999999999999,-0.0036142641207355074,0.0036142641207355074,11.04970299745474,5.531373050056949
BANTEN,2025,tpak_lag1,65.19,-0.02705798277206608,0.02705798277206608,11.04970299745474,5.531373050056949
BANTEN,2025,aps_1315_lag1,96.65,-0.021271134854749213,0.021271134854749213,11.04970299745474,5.531373050056949
BANTEN,2025,mean_years_schooling_lag1,9.55,-0.03295024303216294,0.03295024303216294,11.04970299745474,5.531373050056949
BANTEN,2025,expected_years_schooling_lag1,13.1,-0.07078964181249521,0.07078964181249521,11.04970299745474,5.531373050056949
BANTEN,2025,log_poverty_line_lag1,13.401218607653153,0.045532709426130843,0.045532709426130843,11.04970299745474,5.531373050056949
BANTEN,2026,poverty_rate_lag1,5.531373050056949,-5.3841403909611385,5.3841403909611385,11.04970299745474,5.3104090429737365
BANTEN,2026,hdi_lag1,76.31499999999994,-0.2819441250816188,0.2819441250816188,11.04970299745474,5.3104090429737365
BANTEN,2026,tpt_lag1,7.1200000000000045,-0.007244234001388354,0.007244234001388354,11.04970299745474,5.3104090429737365
BANTEN,2026,tpak_lag1,65.76750000000004,-0.01876835163883995,0.01876835163883995,11.04970299745474,5.3104090429737365
BANTEN,2026,aps_1315_lag1,96.59000000000002,-0.015427176474049361,0.015427176474049361,11.04970299745474,5.3104090429737365
BANTEN,2026,mean_years_schooling_lag1,9.644999999999982,-0.026818697628153653,0.026818697628153653,11.04970299745474,5.3104090429737365
BANTEN,2026,expected_years_schooling_lag1,13.134999999999998,-0.07586841765890107,0.07586841765890107,11.04970299745474,5.3104090429737365
BANTEN,2026,log_poverty_line_lag1,13.436806052209135,0.07091790346247788,0.07091790346247788,11.04970299745474,5.3104090429737365
BENGKULU,2025,poverty_rate_lag1,13.04,2.1126598525740015,2.1126598525740015,11.04970299745474,12.947086341141592
BENGKULU,2025,hdi_lag1,74.3,-0.2056370054618497,0.2056370054618497,11.04970299745474,12.947086341141592
BENGKULU,2025,tpt_lag1,3.315,0.01838023028413511,0.01838023028413511,11.04970299745474,12.947086341141592
BENGKULU,2025,tpak_lag1,71.815,0.02138732025043555,0.02138732025043555,11.04970299745474,12.947086341141592
BENGKULU,2025,aps_1315_lag1,97.91,-0.07013867123742981,0.07013867123742981,11.04970299745474,12.947086341141592
BENGKULU,2025,mean_years_schooling_lag1,9.4,-0.03445395734042997,0.03445395734042997,11.04970299745474,12.947086341141592
BENGKULU,2025,expected_years_schooling_lag1,13.75,-0.02071533121062915,0.02071533121062915,11.04970299745474,12.947086341141592
BENGKULU,2025,log_poverty_line_lag1,13.417947397074535,0.07590132597187098,0.07590132597187098,11.04970299745474,12.947086341141592
BENGKULU,2026,poverty_rate_lag1,12.947086341141592,2.0259032003325834,2.0259032003325834,11.04970299745474,12.740637658940944
BENGKULU,2026,hdi_lag1,74.87,-0.2261249789978485,0.2261249789978485,11.04970299745474,12.740637658940944
BENGKULU,2026,tpt_lag1,3.1300000000000523,-0.02651511330555769,0.02651511330555769,11.04970299745474,12.740637658940944
BENGKULU,2026,tpak_lag1,72.35000000000002,-0.034943102004703776,0.034943102004703776,11.04970299745474,12.740637658940944
BENGKULU,2026,aps_1315_lag1,98.11999999999995,-0.07394598145624522,0.07394598145624522,11.04970299745474,12.740637658940944
BENGKULU,2026,mean_years_schooling_lag1,9.444999999999993,-0.034862837846240446,0.034862837846240446,11.04970299745474,12.740637658940944
BENGKULU,2026,expected_years_schooling_lag1,13.784999999999997,-0.013936261400749255,0.013936261400749255,11.04970299745474,12.740637658940944
BENGKULU,2026,log_poverty_line_lag1,13.452802806305677,0.07535942620675382,0.07535942620675382,11.04970299745474,12.740637658940944
DI YOGYAKARTA,2025,poverty_rate_lag1,10.615,-0.45265521113278084,0.45265521113278084,11.04970299745474,10.306067231098943
DI YOGYAKARTA,2025,hdi_lag1,81.09,-0.25605511472686415,0.25605511472686415,11.04970299745474,10.306067231098943
DI YOGYAKARTA,2025,tpt_lag1,3.635,0.009272649339201255,0.009272649339201255,11.04970299745474,10.306067231098943
DI YOGYAKARTA,2025,tpak_lag1,73.755,0.06580370343268835,0.06580370343268835,11.04970299745474,10.306067231098943
DI YOGYAKARTA,2025,aps_1315_lag1,98.88,-0.064092210837887,0.064092210837887,11.04970299745474,10.306067231098943
DI YOGYAKARTA,2025,mean_years_schooling_lag1,10.23,-0.0411175330033185,0.0411175330033185,11.04970299745474,10.306067231098943
DI YOGYAKARTA,2025,expected_years_schooling_lag1,15.7,-0.013277268438187623,0.013277268438187623,11.04970299745474,10.306067231098943
DI YOGYAKARTA,2025,log_poverty_line_lag1,13.317771431246149,0.00848492923925216,0.00848492923925216,11.04970299745474,10.306067231098943
DI YOGYAKARTA,2026,poverty_rate_lag1,10.306067231098943,-0.5161013116144336,0.5161013116144336,11.04970299745474,10.229282604043206
DI YOGYAKARTA,2026,hdi_lag1,81.52500000000009,-0.2564222676545813,0.2564222676545813,11.04970299745474,10.229282604043206
DI YOGYAKARTA,2026,tpt_lag1,3.2425000000000637,0.0059395223557729354,0.0059395223557729354,11.04970299745474,10.229282604043206
DI YOGYAKARTA,2026,tpak_lag1,74.05000000000001,0.06613245977222369,0.06613245977222369,11.04970299745474,10.229282604043206
DI YOGYAKARTA,2026,aps_1315_lag1,98.60500000000002,-0.06324994478147518,0.06324994478147518,11.04970299745474,10.229282604043206
DI YOGYAKARTA,2026,mean_years_schooling_lag1,10.289999999999992,-0.04124660602539015,0.04124660602539015,11.04970299745474,10.229282604043206
DI YOGYAKARTA,2026,expected_years_schooling_lag1,15.71,-0.015947750569962185,0.015947750569962185,11.04970299745474,10.229282604043206
DI YOGYAKARTA,2026,log_poverty_line_lag1,13.357293585897843,0.00047469524606833305,0.00047469524606833305,11.04970299745474,10.229282604043206
DKI JAKARTA,2025,poverty_rate_lag1,4.22,-6.313825259633113,6.313825259633113,11.04970299745474,4.322059274920724
DKI JAKARTA,2025,hdi_lag1,83.55,-0.2895384339418762,0.2895384339418762,11.04970299745474,4.322059274920724
DKI JAKARTA,2025,tpt_lag1,7.050000000000001,0.012087632174041595,0.012087632174041595,11.04970299745474,4.322059274920724
DKI JAKARTA,2025,tpak_lag1,64.14,-0.018225944446326074,0.018225944446326074,11.04970299745474,4.322059274920724
DKI JAKARTA,2025,aps_1315_lag1,98.17,-0.053185370254540246,0.053185370254540246,11.04970299745474,4.322059274920724
DKI JAKARTA,2025,mean_years_schooling_lag1,11.49,-0.032450738364312504,0.032450738364312504,11.04970299745474,4.322059274920724
DKI JAKARTA,2025,expected_years_schooling_lag1,13.51,-0.08167491368815961,0.08167491368815961,11.04970299745474,4.322059274920724
DKI JAKARTA,2025,log_poverty_line_lag1,13.636008821736755,0.04916860888702578,0.04916860888702578,11.04970299745474,4.322059274920724
DKI JAKARTA,2026,poverty_rate_lag1,4.322059274920724,-6.2716216845309285,6.2716216845309285,11.04970299745474,4.413778138983955
DKI JAKARTA,2026,hdi_lag1,84.19999999999993,-0.29051359855009073,0.29051359855009073,11.04970299745474,4.413778138983955
DKI JAKARTA,2026,tpt_lag1,6.322499999999991,0.0014857351913058975,0.0014857351913058975,11.04970299745474,4.413778138983955
DKI JAKARTA,2026,tpak_lag1,64.27249999999998,-0.010763079788464944,0.010763079788464944,11.04970299745474,4.413778138983955
DKI JAKARTA,2026,aps_1315_lag1,97.91500000000002,-0.05068698035225515,0.05068698035225515,11.04970299745474,4.413778138983955
DKI JAKARTA,2026,mean_years_schooling_lag1,11.600000000000023,-0.033360527868845954,0.033360527868845954,11.04970299745474,4.413778138983955
DKI JAKARTA,2026,expected_years_schooling_lag1,13.639999999999986,-0.03373514621778069,0.03373514621778069,11.04970299745474,4.413778138983955
DKI JAKARTA,2026,log_poverty_line_lag1,13.665831415418218,0.053269075167157696,0.053269075167157696,11.04970299745474,4.413778138983955
GORONTALO,2025,poverty_rate_lag1,14.219999999999999,3.224819142155636,3.224819142155636,11.04970299745474,13.890714061753906
GORONTALO,2025,hdi_lag1,71.25,-0.26341870065325146,0.26341870065325146,11.04970299745474,13.890714061753906
GORONTALO,2025,tpt_lag1,3.065,-0.043635024626393695,0.043635024626393695,11.04970299745474,13.890714061753906
GORONTALO,2025,tpak_lag1,70.69,-0.03970144283070513,0.03970144283070513,11.04970299745474,13.890714061753906
GORONTALO,2025,aps_1315_lag1,91.85,0.19691481582127882,0.19691481582127882,11.04970299745474,13.890714061753906
GORONTALO,2025,mean_years_schooling_lag1,8.64,-0.042226991076225504,0.042226991076225504,11.04970299745474,13.890714061753906
GORONTALO,2025,expected_years_schooling_lag1,13.17,-0.07630480319097989,0.07630480319097989,11.04970299745474,13.890714061753906
GORONTALO,2025,log_poverty_line_lag1,13.082149531257693,-0.11543461478194969,0.11543461478194969,11.04970299745474,13.890714061753906
GORONTALO,2026,poverty_rate_lag1,13.890714061753906,2.911550117581046,2.911550117581046,11.04970299745474,13.622153320842601
GORONTALO,2026,hdi_lag1,71.96500000000003,-0.20187575744302794,0.20187575744302794,11.04970299745474,13.622153320842601
GORONTALO,2026,tpt_lag1,2.9924999999999997,-0.048226499924797404,0.048226499924797404,11.04970299745474,13.622153320842601
GORONTALO,2026,tpak_lag1,72.70749999999953,-0.0881477730145834,0.0881477730145834,11.04970299745474,13.622153320842601
GORONTALO,2026,aps_1315_lag1,91.75000000000001,0.20228931071658346,0.20228931071658346,11.04970299745474,13.622153320842601
GORONTALO,2026,mean_years_schooling_lag1,8.719999999999999,-0.03491926270444589,0.03491926270444589,11.04970299745474,13.622153320842601
GORONTALO,2026,expected_years_schooling_lag1,13.195,-0.057118451393522604,0.057118451393522604,11.04970299745474,13.622153320842601
GORONTALO,2026,log_poverty_line_lag1,13.111134884972216,-0.11110012465349156,0.11110012465349156,11.04970299745474,13.622153320842601
JAMBI,2025,poverty_rate_lag1,7.18,-3.658830921441412,3.658830921441412,11.04970299745474,6.9950116375305535
JAMBI,2025,hdi_lag1,73.73,-0.2506301988426924,0.2506301988426924,11.04970299745474,6.9950116375305535
JAMBI,2025,tpt_lag1,4.515000000000001,-0.02266405710952886,0.02266405710952886,11.04970299745474,6.9950116375305535
JAMBI,2025,tpak_lag1,68.315,-0.03786012898791794,0.03786012898791794,11.04970299745474,6.9950116375305535
JAMBI,2025,aps_1315_lag1,96.01,-0.018523302284379317,0.018523302284379317,11.04970299745474,6.9950116375305535
JAMBI,2025,mean_years_schooling_lag1,9.26,-0.033310858049148774,0.033310858049148774,11.04970299745474,6.9950116375305535
JAMBI,2025,expected_years_schooling_lag1,13.14,-0.07746484573090358,0.07746484573090358,11.04970299745474,6.9950116375305535
JAMBI,2025,log_poverty_line_lag1,13.391026990020245,0.04459461891309781,0.04459461891309781,11.04970299745474,6.9950116375305535
JAMBI,2026,poverty_rate_lag1,6.9950116375305535,-3.6920761167752896,3.6920761167752896,11.04970299745474,7.014614716052886
JAMBI,2026,hdi_lag1,74.28499999999997,-0.24867615248180253,0.24867615248180253,11.04970299745474,7.014614716052886
JAMBI,2026,tpt_lag1,4.309999999999945,0.006784489001138137,0.006784489001138137,11.04970299745474,7.014614716052886
JAMBI,2026,tpak_lag1,68.85500000000002,-0.04516245316296,0.04516245316296,11.04970299745474,7.014614716052886
JAMBI,2026,aps_1315_lag1,95.82000000000005,-0.016438129380173572,0.016438129380173572,11.04970299745474,7.014614716052886
JAMBI,2026,mean_years_schooling_lag1,9.325000000000017,-0.03568848326395782,0.03568848326395782,11.04970299745474,7.014614716052886
JAMBI,2026,expected_years_schooling_lag1,13.185000000000002,-0.07083416162525659,0.07083416162525659,11.04970299745474,7.014614716052886
JAMBI,2026,log_poverty_line_lag1,13.429577718126836,0.06700407966082288,0.06700407966082288,11.04970299745474,7.014614716052886
JAWA BARAT,2025,poverty_rate_lag1,7.27,-3.611036554846806,3.611036554846806,11.04970299745474,7.029189232318774
JAWA BARAT,2025,hdi_lag1,74.24,-0.24056443322017806,0.24056443322017806,11.04970299745474,7.029189232318774
JAWA BARAT,2025,tpt_lag1,7.665,-0.0004333705668696196,0.0004333705668696196,11.04970299745474,7.029189232318774
JAWA BARAT,2025,tpak_lag1,66.62,0.009408281798305888,0.009408281798305888,11.04970299745474,7.029189232318774
JAWA BARAT,2025,aps_1315_lag1,95.75,-0.018391368275487534,0.018391368275487534,11.04970299745474,7.029189232318774
JAWA BARAT,2025,mean_years_schooling_lag1,9.24,-0.013945402543649375,0.013945402543649375,11.04970299745474,7.029189232318774
JAWA BARAT,2025,expected_years_schooling_lag1,12.8,-0.08610053261581273,0.08610053261581273,11.04970299745474,7.029189232318774
JAWA BARAT,2025,log_poverty_line_lag1,13.18021804880072,-0.059450215759877884,0.059450215759877884,11.04970299745474,7.029189232318774
JAWA BARAT,2026,poverty_rate_lag1,7.029189232318774,-3.6608188677221136,3.6608188677221136,11.04970299745474,6.957999913833603
JAWA BARAT,2026,hdi_lag1,74.88,-0.25962104144169695,0.25962104144169695,11.04970299745474,6.957999913833603
JAWA BARAT,2026,tpt_lag1,6.8125,0.0003576184837784692,0.0003576184837784692,11.04970299745474,6.957999913833603
JAWA BARAT,2026,tpak_lag1,67.4849999999999,0.007080319642421479,0.007080319642421479,11.04970299745474,6.957999913833603
JAWA BARAT,2026,aps_1315_lag1,96.08000000000004,-0.017577316120879923,0.017577316120879923,11.04970299745474,6.957999913833603
JAWA BARAT,2026,mean_years_schooling_lag1,9.305000000000007,-0.021213916125224205,0.021213916125224205,11.04970299745474,6.957999913833603
JAWA BARAT,2026,expected_years_schooling_lag1,12.834999999999994,-0.08162650277349302,0.08162650277349302,11.04970299745474,6.957999913833603
JAWA BARAT,2026,log_poverty_line_lag1,13.214252719553798,-0.058282537794042175,0.058282537794042175,11.04970299745474,6.957999913833603
JAWA TENGAH,2025,poverty_rate_lag1,10.025,-0.6392729895579924,0.6392729895579924,11.04970299745474,9.841301003027425
JAWA TENGAH,2025,hdi_lag1,73.39,-0.22671424578083244,0.22671424578083244,11.04970299745474,9.841301003027425
JAWA TENGAH,2025,tpt_lag1,5.1850000000000005,-0.006742646639172312,0.006742646639172312,11.04970299745474,9.841301003027425
JAWA TENGAH,2025,tpak_lag1,72.025,-0.033310029206073635,0.033310029206073635,11.04970299745474,9.841301003027425
JAWA TENGAH,2025,aps_1315_lag1,97.08,-0.038160027719238855,0.038160027719238855,11.04970299745474,9.841301003027425
JAWA TENGAH,2025,mean_years_schooling_lag1,8.47,-0.06072776553787659,0.06072776553787659,11.04970299745474,9.841301003027425
JAWA TENGAH,2025,expected_years_schooling_lag1,12.86,-0.10071812224842754,0.10071812224842754,11.04970299745474,9.841301003027425
JAWA TENGAH,2025,log_poverty_line_lag1,13.150069979945664,-0.10275619480113504,0.10275619480113504,11.04970299745474,9.841301003027425
JAWA TENGAH,2026,poverty_rate_lag1,9.841301003027425,-1.2516164608223972,1.2516164608223972,11.04970299745474,9.29648338850356
JAWA TENGAH,2026,hdi_lag1,74.0,-0.22493713842706747,0.22493713842706747,11.04970299745474,9.29648338850356
JAWA TENGAH,2026,tpt_lag1,4.7999999999999545,-0.02036258992879989,0.02036258992879989,11.04970299745474,9.29648338850356
JAWA TENGAH,2026,tpak_lag1,73.29750000000013,-0.03791412038895693,0.03791412038895693,11.04970299745474,9.29648338850356
JAWA TENGAH,2026,aps_1315_lag1,97.19999999999999,-0.028191007690569925,0.028191007690569925,11.04970299745474,9.29648338850356
JAWA TENGAH,2026,mean_years_schooling_lag1,8.560000000000002,-0.03192061464984207,0.03192061464984207,11.04970299745474,9.29648338850356
JAWA TENGAH,2026,expected_years_schooling_lag1,12.899999999999999,-0.06325340729379184,0.06325340729379184,11.04970299745474,9.29648338850356
JAWA TENGAH,2026,log_poverty_line_lag1,13.185537645938481,-0.09502567952829152,0.09502567952829152,11.04970299745474,9.29648338850356
JAWA TIMUR,2025,poverty_rate_lag1,9.675,-1.2534897792907544,1.2534897792907544,11.04970299745474,9.239117105692122
JAWA TIMUR,2025,hdi_lag1,74.65,-0.25227856090889933,0.25227856090889933,11.04970299745474,9.239117105692122
JAWA TIMUR,2025,tpt_lag1,4.605,-0.015195343647930345,0.015195343647930345,11.04970299745474,9.239117105692122
JAWA TIMUR,2025,tpak_lag1,72.03,-0.04426970045499617,0.04426970045499617,11.04970299745474,9.239117105692122
JAWA TIMUR,2025,aps_1315_lag1,97.64,-0.04827286525242684,0.04827286525242684,11.04970299745474,9.239117105692122
JAWA TIMUR,2025,mean_years_schooling_lag1,8.69,-0.028127261342072652,0.028127261342072652,11.04970299745474,9.239117105692122
JAWA TIMUR,2025,expected_years_schooling_lag1,13.43,-0.08007039775274723,0.08007039775274723,11.04970299745474,9.239117105692122
JAWA TIMUR,2025,log_poverty_line_lag1,13.202904114886584,-0.08888278698282295,0.08888278698282295,11.04970299745474,9.239117105692122
JAWA TIMUR,2026,poverty_rate_lag1,9.239117105692122,-1.3252259771382198,1.3252259771382198,11.04970299745474,9.215835810928617
JAWA TIMUR,2026,hdi_lag1,75.23500000000001,-0.25273171370261216,0.25273171370261216,11.04970299745474,9.215835810928617
JAWA TIMUR,2026,tpt_lag1,4.180000000000064,0.022017649377981327,0.022017649377981327,11.04970299745474,9.215835810928617
JAWA TIMUR,2026,tpak_lag1,73.10750000000007,-0.042848232702031044,0.042848232702031044,11.04970299745474,9.215835810928617
JAWA TIMUR,2026,aps_1315_lag1,97.58,-0.04686132930966372,0.04686132930966372,11.04970299745474,9.215835810928617
JAWA TIMUR,2026,mean_years_schooling_lag1,8.77000000000001,-0.03329325165394791,0.03329325165394791,11.04970299745474,9.215835810928617
JAWA TIMUR,2026,expected_years_schooling_lag1,13.439999999999998,-0.08038679778568322,0.08038679778568322,11.04970299745474,9.215835810928617
JAWA TIMUR,2026,log_poverty_line_lag1,13.241385715986638,-0.07453783173551135,0.07453783173551135,11.04970299745474,9.215835810928617
KALIMANTAN BARAT,2025,poverty_rate_lag1,6.285,-4.6314563819514865,4.6314563819514865,11.04970299745474,6.232494133244873
KALIMANTAN BARAT,2025,hdi_lag1,70.47,-0.26298048176478106,0.26298048176478106,11.04970299745474,6.232494133244873
KALIMANTAN BARAT,2025,tpt_lag1,4.785,-0.018868266018638884,0.018868266018638884,11.04970299745474,6.232494133244873
KALIMANTAN BARAT,2025,tpak_lag1,68.935,-0.05021490409939911,0.05021490409939911,11.04970299745474,6.232494133244873
KALIMANTAN BARAT,2025,aps_1315_lag1,92.92,0.1425640730251051,0.1425640730251051,11.04970299745474,6.232494133244873
KALIMANTAN BARAT,2025,mean_years_schooling_lag1,8.28,0.10101742660533529,0.10101742660533529,11.04970299745474,6.232494133244873
KALIMANTAN BARAT,2025,expected_years_schooling_lag1,12.68,-0.11194294872545438,0.11194294872545438,11.04970299745474,6.232494133244873
KALIMANTAN BARAT,2025,log_poverty_line_lag1,13.310359635912238,0.014673972937818696,0.014673972937818696,11.04970299745474,6.232494133244873
KALIMANTAN BARAT,2026,poverty_rate_lag1,6.232494133244873,-4.6566339476902465,4.6566339476902465,11.04970299745474,6.13684622204313
KALIMANTAN BARAT,2026,hdi_lag1,71.20999999999992,-0.22786763228830959,0.22786763228830959,11.04970299745474,6.13684622204313
KALIMANTAN BARAT,2026,tpt_lag1,4.290000000000077,0.020073316771464584,0.020073316771464584,11.04970299745474,6.13684622204313
KALIMANTAN BARAT,2026,tpak_lag1,68.69500000000005,-0.030478438181372313,0.030478438181372313,11.04970299745474,6.13684622204313
KALIMANTAN BARAT,2026,aps_1315_lag1,92.80999999999999,0.14427490819142147,0.14427490819142147,11.04970299745474,6.13684622204313
KALIMANTAN BARAT,2026,mean_years_schooling_lag1,8.365000000000009,-0.07488767617507835,0.07488767617507835,11.04970299745474,6.13684622204313
KALIMANTAN BARAT,2026,expected_years_schooling_lag1,12.69,-0.11151860555034034,0.11151860555034034,11.04970299745474,6.13684622204313
KALIMANTAN BARAT,2026,log_poverty_line_lag1,13.345552898732151,0.024182870221689842,0.024182870221689842,11.04970299745474,6.13684622204313
KALIMANTAN SELATAN,2025,poverty_rate_lag1,4.0649999999999995,-6.429293855485549,6.429293855485549,11.04970299745474,4.142119646618274
KALIMANTAN SELATAN,2025,hdi_lag1,74.66,-0.29240384950284715,0.29240384950284715,11.04970299745474,4.142119646618274
KALIMANTAN SELATAN,2025,tpt_lag1,4.13,0.008092408405422986,0.008092408405422986,11.04970299745474,4.142119646618274
KALIMANTAN SELATAN,2025,tpak_lag1,69.64500000000001,-0.05751760815443408,0.05751760815443408,11.04970299745474,4.142119646618274
KALIMANTAN SELATAN,2025,aps_1315_lag1,94.12,-0.08598118608605486,0.08598118608605486,11.04970299745474,4.142119646618274
KALIMANTAN SELATAN,2025,mean_years_schooling_lag1,9.02,-0.0283854316095229,0.0283854316095229,11.04970299745474,4.142119646618274
KALIMANTAN SELATAN,2025,expected_years_schooling_lag1,12.87,-0.04691456786524492,0.04691456786524492,11.04970299745474,4.142119646618274
KALIMANTAN SELATAN,2025,log_poverty_line_lag1,13.366756352037681,0.024820161924046832,0.024820161924046832,11.04970299745474,4.142119646618274
KALIMANTAN SELATAN,2026,poverty_rate_lag1,4.142119646618274,-6.408276608911186,6.408276608911186,11.04970299745474,4.29867877656634
KALIMANTAN SELATAN,2026,hdi_lag1,75.26499999999999,-0.28570083952726444,0.28570083952726444,11.04970299745474,4.29867877656634
KALIMANTAN SELATAN,2026,tpt_lag1,3.874999999999943,-0.007105634075221355,0.007105634075221355,11.04970299745474,4.29867877656634
KALIMANTAN SELATAN,2026,tpak_lag1,69.8825,-0.008469743793445417,0.008469743793445417,11.04970299745474,4.29867877656634
KALIMANTAN SELATAN,2026,aps_1315_lag1,94.43,-0.05996490507789032,0.05996490507789032,11.04970299745474,4.29867877656634
KALIMANTAN SELATAN,2026,mean_years_schooling_lag1,9.125,-0.02924100444569159,0.02924100444569159,11.04970299745474,4.29867877656634
KALIMANTAN SELATAN,2026,expected_years_schooling_lag1,12.895,-0.048526316233341325,0.048526316233341325,11.04970299745474,4.29867877656634
KALIMANTAN SELATAN,2026,log_poverty_line_lag1,13.402064989112482,0.09625991867827022,0.09625991867827022,11.04970299745474,4.29867877656634
KALIMANTAN TENGAH,2025,poverty_rate_lag1,5.215,-5.543573871423718,5.543573871423718,11.04970299745474,5.123452188601152
KALIMANTAN TENGAH,2025,hdi_lag1,73.73,-0.27425121179457485,0.27425121179457485,11.04970299745474,5.123452188601152
KALIMANTAN TENGAH,2025,tpt_lag1,3.9699999999999998,0.021430737377499978,0.021430737377499978,11.04970299745474,5.123452188601152
KALIMANTAN TENGAH,2025,tpak_lag1,67.97,-0.009062731561782892,0.009062731561782892,11.04970299745474,5.123452188601152
KALIMANTAN TENGAH,2025,aps_1315_lag1,95.21,-0.05691680427943977,0.05691680427943977,11.04970299745474,5.123452188601152
KALIMANTAN TENGAH,2025,mean_years_schooling_lag1,9.17,-0.020413834142502377,0.020413834142502377,11.04970299745474,5.123452188601152
KALIMANTAN TENGAH,2025,expected_years_schooling_lag1,12.77,-0.06850728587232417,0.06850728587232417,11.04970299745474,5.123452188601152
KALIMANTAN TENGAH,2025,log_poverty_line_lag1,13.357813293823229,0.02504496544590267,0.02504496544590267,11.04970299745474,5.123452188601152
KALIMANTAN TENGAH,2026,poverty_rate_lag1,5.123452188601152,-5.690664006926986,5.690664006926986,11.04970299745474,5.005168253786472
KALIMANTAN TENGAH,2026,hdi_lag1,74.19000000000005,-0.26740950950114284,0.26740950950114284,11.04970299745474,5.005168253786472
KALIMANTAN TENGAH,2026,tpt_lag1,3.759999999999934,-0.0038026444825579753,0.0038026444825579753,11.04970299745474,5.005168253786472
KALIMANTAN TENGAH,2026,tpak_lag1,67.42750000000001,-0.014047124782835041,0.014047124782835041,11.04970299745474,5.005168253786472
KALIMANTAN TENGAH,2026,aps_1315_lag1,95.21,-0.054498133519748616,0.054498133519748616,11.04970299745474,5.005168253786472
KALIMANTAN TENGAH,2026,mean_years_schooling_lag1,9.189999999999998,-0.021660896785629217,0.021660896785629217,11.04970299745474,5.005168253786472
KALIMANTAN TENGAH,2026,expected_years_schooling_lag1,12.779999999999998,-0.07065657642501735,0.07065657642501735,11.04970299745474,5.005168253786472
KALIMANTAN TENGAH,2026,log_poverty_line_lag1,13.395212951226206,0.07820486726507211,0.07820486726507211,11.04970299745474,5.005168253786472
KALIMANTAN TIMUR,2025,poverty_rate_lag1,5.645,-5.291102951032842,5.291102951032842,11.04970299745474,5.4289258643004805
KALIMANTAN TIMUR,2025,hdi_lag1,78.2,-0.29669462627465626,0.29669462627465626,11.04970299745474,5.4289258643004805
KALIMANTAN TIMUR,2025,tpt_lag1,5.84,0.020274817952950337,0.020274817952950337,11.04970299745474,5.4289258643004805
KALIMANTAN TIMUR,2025,tpak_lag1,65.615,-0.019753054684995885,0.019753054684995885,11.04970299745474,5.4289258643004805
KALIMANTAN TIMUR,2025,aps_1315_lag1,98.71,-0.04640939551548064,0.04640939551548064,11.04970299745474,5.4289258643004805
KALIMANTAN TIMUR,2025,mean_years_schooling_lag1,10.22,-0.02964244728095511,0.02964244728095511,11.04970299745474,5.4289258643004805
KALIMANTAN TIMUR,2025,expected_years_schooling_lag1,14.03,0.010842882321616745,0.010842882321616745,11.04970299745474,5.4289258643004805
KALIMANTAN TIMUR,2025,log_poverty_line_lag1,13.645879337154826,0.03170731476157462,0.03170731476157462,11.04970299745474,5.4289258643004805
KALIMANTAN TIMUR,2026,poverty_rate_lag1,5.4289258643004805,-5.492605485097988,5.492605485097988,11.04970299745474,5.207550264129829
KALIMANTAN TIMUR,2026,hdi_lag1,79.0,-0.29477337138443543,0.29477337138443543,11.04970299745474,5.207550264129829
KALIMANTAN TIMUR,2026,tpt_lag1,5.349999999999909,0.003142999757728985,0.003142999757728985,11.04970299745474,5.207550264129829
KALIMANTAN TIMUR,2026,tpak_lag1,65.185,-0.029018359118350302,0.029018359118350302,11.04970299745474,5.207550264129829
KALIMANTAN TIMUR,2026,aps_1315_lag1,98.61499999999998,-0.04432828001320878,0.04432828001320878,11.04970299745474,5.207550264129829
KALIMANTAN TIMUR,2026,mean_years_schooling_lag1,10.260000000000005,-0.027405439216711344,0.027405439216711344,11.04970299745474,5.207550264129829
KALIMANTAN TIMUR,2026,expected_years_schooling_lag1,14.13500000000002,0.018586550815464994,0.018586550815464994,11.04970299745474,5.207550264129829
KALIMANTAN TIMUR,2026,log_poverty_line_lag1,13.677626483315429,0.024248511059642576,0.024248511059642576,11.04970299745474,5.207550264129829
KALIMANTAN UTARA,2025,poverty_rate_lag1,5.85,-5.147974713718521,5.147974713718521,11.04970299745474,5.55792816289919
KALIMANTAN UTARA,2025,hdi_lag1,72.88,-0.2638844726795584,0.2638844726795584,11.04970299745474,5.55792816289919
KALIMANTAN UTARA,2025,tpt_lag1,4.055,0.022402076557528273,0.022402076557528273,11.04970299745474,5.55792816289919
KALIMANTAN UTARA,2025,tpak_lag1,68.69,-0.0328072449142386,0.0328072449142386,11.04970299745474,5.55792816289919
KALIMANTAN UTARA,2025,aps_1315_lag1,96.96,-0.02252256037592202,0.02252256037592202,11.04970299745474,5.55792816289919
KALIMANTAN UTARA,2025,mean_years_schooling_lag1,9.58,-0.023463321972452676,0.023463321972452676,11.04970299745474,5.55792816289919
KALIMANTAN UTARA,2025,expected_years_schooling_lag1,13.21,-0.06640831943253553,0.06640831943253553,11.04970299745474,5.55792816289919
KALIMANTAN UTARA,2025,log_poverty_line_lag1,13.670871416365141,0.042884951056417174,0.042884951056417174,11.04970299745474,5.55792816289919
KALIMANTAN UTARA,2026,poverty_rate_lag1,5.55792816289919,-5.433951494777444,5.433951494777444,11.04970299745474,5.300204685367397
KALIMANTAN UTARA,2026,hdi_lag1,73.53499999999997,-0.26775785987630313,0.26775785987630313,11.04970299745474,5.300204685367397
KALIMANTAN UTARA,2026,tpt_lag1,3.769999999999982,0.003960985056445814,0.003960985056445814,11.04970299745474,5.300204685367397
KALIMANTAN UTARA,2026,tpak_lag1,69.93250000000012,9.648274031956927e-05,9.648274031956927e-05,11.04970299745474,5.300204685367397
KALIMANTAN UTARA,2026,aps_1315_lag1,97.185,-0.027973837846842254,0.027973837846842254,11.04970299745474,5.300204685367397
KALIMANTAN UTARA,2026,mean_years_schooling_lag1,9.644999999999982,-0.023337677334846433,0.023337677334846433,11.04970299745474,5.300204685367397
KALIMANTAN UTARA,2026,expected_years_schooling_lag1,13.340000000000003,-0.0658306517955687,0.0658306517955687,11.04970299745474,5.300204685367397
KALIMANTAN UTARA,2026,log_poverty_line_lag1,13.703452829650566,0.06529650817557466,0.06529650817557466,11.04970299745474,5.300204685367397
KEP. BANGKA BELITUNG,2025,poverty_rate_lag1,4.8149999999999995,-5.988386185928629,5.988386185928629,11.04970299745474,4.806080686575117
KEP. BANGKA BELITUNG,2025,hdi_lag1,74.09,-0.2788788703836132,0.2788788703836132,11.04970299745474,4.806080686575117
KEP. BANGKA BELITUNG,2025,tpt_lag1,4.225,0.006723798294887697,0.006723798294887697,11.04970299745474,4.806080686575117
KEP. BANGKA BELITUNG,2025,tpak_lag1,69.33500000000001,-0.037226243051151166,0.037226243051151166,11.04970299745474,4.806080686575117
KEP. BANGKA BELITUNG,2025,aps_1315_lag1,93.2,-0.07371674834636026,0.07371674834636026,11.04970299745474,4.806080686575117
KEP. BANGKA BELITUNG,2025,mean_years_schooling_lag1,8.78,-0.06563163113146396,0.06563163113146396,11.04970299745474,4.806080686575117
KEP. BANGKA BELITUNG,2025,expected_years_schooling_lag1,12.49,0.13956845054050415,0.13956845054050415,11.04970299745474,4.806080686575117
KEP. BANGKA BELITUNG,2025,log_poverty_line_lag1,13.72452949400115,0.05392491188927688,0.05392491188927688,11.04970299745474,4.806080686575117
KEP. BANGKA BELITUNG,2026,poverty_rate_lag1,4.806080686575117,-5.989261750810051,5.989261750810051,11.04970299745474,4.892534192185591
KEP. BANGKA BELITUNG,2026,hdi_lag1,74.65499999999997,-0.29487951092539233,0.29487951092539233,11.04970299745474,4.892534192185591
KEP. BANGKA BELITUNG,2026,tpt_lag1,3.8199999999999363,0.007615304610692578,0.007615304610692578,11.04970299745474,4.892534192185591
KEP. BANGKA BELITUNG,2026,tpak_lag1,70.53500000000008,0.01947833590947779,0.01947833590947779,11.04970299745474,4.892534192185591
KEP. BANGKA BELITUNG,2026,aps_1315_lag1,93.215,-0.07291214937247324,0.07291214937247324,11.04970299745474,4.892534192185591
KEP. BANGKA BELITUNG,2026,mean_years_schooling_lag1,8.839999999999975,-0.06638541464419909,0.06638541464419909,11.04970299745474,4.892534192185591
KEP. BANGKA BELITUNG,2026,expected_years_schooling_lag1,12.560000000000002,0.1546032545623976,0.1546032545623976,11.04970299745474,4.892534192185591
KEP. BANGKA BELITUNG,2026,log_poverty_line_lag1,13.75978664481579,0.08457299303529553,0.08457299303529553,11.04970299745474,4.892534192185591
KEP. RIAU,2025,poverty_rate_lag1,5.075,-5.82894790676782,5.82894790676782,11.04970299745474,4.756003688666114
KEP. RIAU,2025,hdi_lag1,79.08,-0.2981126584964703,0.2981126584964703,11.04970299745474,4.756003688666114
KEP. RIAU,2025,tpt_lag1,7.205,-0.007843129292141704,0.007843129292141704,11.04970299745474,4.756003688666114
KEP. RIAU,2025,tpak_lag1,67.98500000000001,-0.02364906567384968,0.02364906567384968,11.04970299745474,4.756003688666114
KEP. RIAU,2025,aps_1315_lag1,99.07,-0.05777357236528355,0.05777357236528355,11.04970299745474,4.756003688666114
KEP. RIAU,2025,mean_years_schooling_lag1,10.65,-0.029885213112510467,0.029885213112510467,11.04970299745474,4.756003688666114
KEP. RIAU,2025,expected_years_schooling_lag1,13.27,-0.08011146169884044,0.08011146169884044,11.04970299745474,4.756003688666114
KEP. RIAU,2025,log_poverty_line_lag1,13.589119865388518,0.0326240086816976,0.0326240086816976,11.04970299745474,4.756003688666114
KEP. RIAU,2026,poverty_rate_lag1,4.756003688666114,-6.084858789990241,6.084858789990241,11.04970299745474,4.524416214629764
KEP. RIAU,2026,hdi_lag1,79.68500000000006,-0.2973386211947775,0.2973386211947775,11.04970299745474,4.524416214629764
KEP. RIAU,2026,tpt_lag1,5.800000000000182,0.023658535685531328,0.023658535685531328,11.04970299745474,4.524416214629764
KEP. RIAU,2026,tpak_lag1,68.31250000000006,-0.033931522451237775,0.033931522451237775,11.04970299745474,4.524416214629764
KEP. RIAU,2026,aps_1315_lag1,99.17999999999998,-0.05665211022085444,0.05665211022085444,11.04970299745474,4.524416214629764
KEP. RIAU,2026,mean_years_schooling_lag1,10.71999999999997,-0.029604368572118803,0.029604368572118803,11.04970299745474,4.524416214629764
KEP. RIAU,2026,expected_years_schooling_lag1,13.305000000000007,-0.08213716353331241,0.08213716353331241,11.04970299745474,4.524416214629764
KEP. RIAU,2026,log_poverty_line_lag1,13.622497530997492,0.03557768654377653,0.03557768654377653,11.04970299745474,4.524416214629764
LAMPUNG,2025,poverty_rate_lag1,10.655,-0.43997779296040374,0.43997779296040374,11.04970299745474,10.296969739717031
LAMPUNG,2025,hdi_lag1,72.48,-0.19113743985769321,0.19113743985769321,11.04970299745474,10.296969739717031
LAMPUNG,2025,tpt_lag1,4.205,0.027105905197371234,0.027105905197371234,11.04970299745474,10.296969739717031
LAMPUNG,2025,tpak_lag1,71.055,-0.00724380888084015,0.00724380888084015,11.04970299745474,10.296969739717031
LAMPUNG,2025,aps_1315_lag1,95.93,-0.03884999375124011,0.03884999375124011,11.04970299745474,10.296969739717031
LAMPUNG,2025,mean_years_schooling_lag1,8.8,-0.04307915481392654,0.04307915481392654,11.04970299745474,10.296969739717031
LAMPUNG,2025,expected_years_schooling_lag1,12.78,-0.048799986735367465,0.048799986735367465,11.04970299745474,10.296969739717031
LAMPUNG,2025,log_poverty_line_lag1,13.292586205523657,-0.010750871439907985,0.010750871439907985,11.04970299745474,10.296969739717031
LAMPUNG,2026,poverty_rate_lag1,10.296969739717031,-0.5262693177517057,0.5262693177517057,11.04970299745474,10.211688322161407
LAMPUNG,2026,hdi_lag1,73.09499999999991,-0.24373329836531168,0.24373329836531168,11.04970299745474,10.211688322161407
LAMPUNG,2026,tpt_lag1,4.0,0.03548064500393624,0.03548064500393624,11.04970299745474,10.211688322161407
LAMPUNG,2026,tpak_lag1,71.3125,0.003015228395191433,0.003015228395191433,11.04970299745474,10.211688322161407
LAMPUNG,2026,aps_1315_lag1,96.10500000000002,-0.03606116977743333,0.03606116977743333,11.04970299745474,10.211688322161407
LAMPUNG,2026,mean_years_schooling_lag1,8.879999999999995,-0.04542327458927109,0.04542327458927109,11.04970299745474,10.211688322161407
LAMPUNG,2026,expected_years_schooling_lag1,12.799999999999994,-0.05582252047412162,0.05582252047412162,11.04970299745474,10.211688322161407
LAMPUNG,2026,log_poverty_line_lag1,13.331903086483656,0.030799218383509044,0.030799218383509044,11.04970299745474,10.211688322161407
MALUKU,2025,poverty_rate_lag1,15.915,5.300379100111877,5.300379100111877,11.04970299745474,15.824907276308409
MALUKU,2025,hdi_lag1,72.75,-0.2815164577257661,0.2815164577257661,11.04970299745474,15.824907276308409
MALUKU,2025,tpt_lag1,6.195,-0.023434622315547524,0.023434622315547524,11.04970299745474,15.824907276308409
MALUKU,2025,tpak_lag1,63.71,-0.06260543332787943,0.06260543332787943,11.04970299745474,15.824907276308409
MALUKU,2025,aps_1315_lag1,97.97,-0.0831272987301913,0.0831272987301913,11.04970299745474,15.824907276308409
MALUKU,2025,mean_years_schooling_lag1,10.44,-0.060470532417746956,0.060470532417746956,11.04970299745474,15.824907276308409
MALUKU,2025,expected_years_schooling_lag1,14.09,-0.05739843369700056,0.05739843369700056,11.04970299745474,15.824907276308409
MALUKU,2025,log_poverty_line_lag1,13.496214659822622,0.04337866796684142,0.04337866796684142,11.04970299745474,15.824907276308409
MALUKU,2026,poverty_rate_lag1,15.824907276308409,4.955618890728013,4.955618890728013,11.04970299745474,15.572487100832973
MALUKU,2026,hdi_lag1,73.35000000000002,-0.2995047157417873,0.2995047157417873,11.04970299745474,15.572487100832973
MALUKU,2026,tpt_lag1,5.877500000000055,0.04040290066444059,0.04040290066444059,11.04970299745474,15.572487100832973
MALUKU,2026,tpak_lag1,63.02749999999992,-0.053728794223369035,0.053728794223369035,11.04970299745474,15.572487100832973
MALUKU,2026,aps_1315_lag1,98.13,-0.07902365296053737,0.07902365296053737,11.04970299745474,15.572487100832973
MALUKU,2026,mean_years_schooling_lag1,10.505000000000024,-0.05999495076558274,0.05999495076558274,11.04970299745474,15.572487100832973
MALUKU,2026,expected_years_schooling_lag1,14.144999999999996,-0.05010371387928323,0.05010371387928323,11.04970299745474,15.572487100832973
MALUKU,2026,log_poverty_line_lag1,13.53122586522305,0.06911713584278335,0.06911713584278335,11.04970299745474,15.572487100832973
MALUKU UTARA,2025,poverty_rate_lag1,6.175000000000001,-4.592180361229362,4.592180361229362,11.04970299745474,6.138724946728249
MALUKU UTARA,2025,hdi_lag1,70.98,-0.2535368523492665,0.2535368523492665,11.04970299745474,6.138724946728249
MALUKU UTARA,2025,tpt_lag1,4.455,-0.0037206124092139248,0.0037206124092139248,11.04970299745474,6.138724946728249
MALUKU UTARA,2025,tpak_lag1,67.145,-0.003131012062514223,0.003131012062514223,11.04970299745474,6.138724946728249
MALUKU UTARA,2025,aps_1315_lag1,97.51,-0.04065725592925935,0.04065725592925935,11.04970299745474,6.138724946728249
MALUKU UTARA,2025,mean_years_schooling_lag1,9.7,-0.03179528879309795,0.03179528879309795,11.04970299745474,6.138724946728249
MALUKU UTARA,2025,expected_years_schooling_lag1,13.75,0.013524524510824221,0.013524524510824221,11.04970299745474,6.138724946728249
MALUKU UTARA,2025,log_poverty_line_lag1,13.340532175125734,0.0005196881299897784,0.0005196881299897784,11.04970299745474,6.138724946728249
MALUKU UTARA,2026,poverty_rate_lag1,6.138724946728249,-4.616229969440999,4.616229969440999,11.04970299745474,6.151234996294331
MALUKU UTARA,2026,hdi_lag1,71.69000000000005,-0.22735146152080418,0.22735146152080418,11.04970299745474,6.151234996294331
MALUKU UTARA,2026,tpt_lag1,4.240000000000009,0.021035780036719035,0.021035780036719035,11.04970299745474,6.151234996294331
MALUKU UTARA,2026,tpak_lag1,68.46500000000015,-0.02450128954817608,0.02450128954817608,11.04970299745474,6.151234996294331
MALUKU UTARA,2026,aps_1315_lag1,97.76500000000001,-0.04443818703565333,0.04443818703565333,11.04970299745474,6.151234996294331
MALUKU UTARA,2026,mean_years_schooling_lag1,9.749999999999986,-0.03083716416760441,0.03083716416760441,11.04970299745474,6.151234996294331
MALUKU UTARA,2026,expected_years_schooling_lag1,13.780000000000001,0.01912414691368734,0.01912414691368734,11.04970299745474,6.151234996294331
MALUKU UTARA,2026,log_poverty_line_lag1,13.372847337679914,0.004730887052434156,0.004730887052434156,11.04970299745474,6.151234996294331
NUSA TENGGARA BARAT,2025,poverty_rate_lag1,12.41,1.379148072606093,1.379148072606093,11.04970299745474,11.937686826956629
NUSA TENGGARA BARAT,2025,hdi_lag1,72.37,-0.2012629957672672,0.2012629957672672,11.04970299745474,11.937686826956629
NUSA TENGGARA BARAT,2025,tpt_lag1,3.2649999999999997,-0.011808330688510034,0.011808330688510034,11.04970299745474,11.937686826956629
NUSA TENGGARA BARAT,2025,tpak_lag1,72.235,-0.04224082023077252,0.04224082023077252,11.04970299745474,11.937686826956629
NUSA TENGGARA BARAT,2025,aps_1315_lag1,97.95,-0.06983817516700354,0.06983817516700354,11.04970299745474,11.937686826956629
NUSA TENGGARA BARAT,2025,mean_years_schooling_lag1,8.5,-0.049793723208876865,0.049793723208876865,11.04970299745474,11.937686826956629
NUSA TENGGARA BARAT,2025,expected_years_schooling_lag1,13.98,-0.008947509290482148,0.008947509290482148,11.04970299745474,11.937686826956629
NUSA TENGGARA BARAT,2025,log_poverty_line_lag1,13.194723107988194,-0.10727278266091408,0.10727278266091408,11.04970299745474,11.937686826956629
NUSA TENGGARA BARAT,2026,poverty_rate_lag1,11.937686826956629,0.822610139163928,0.822610139163928,11.04970299745474,11.457991317654404
NUSA TENGGARA BARAT,2026,hdi_lag1,73.125,-0.22166213772500606,0.22166213772500606,11.04970299745474,11.457991317654404
NUSA TENGGARA BARAT,2026,tpt_lag1,3.1525000000000034,-0.008118496761395514,0.008118496761395514,11.04970299745474,11.457991317654404
NUSA TENGGARA BARAT,2026,tpak_lag1,72.87999999999988,-0.03964701324417175,0.03964701324417175,11.04970299745474,11.457991317654404
NUSA TENGGARA BARAT,2026,aps_1315_lag1,97.755,-0.06810714248348285,0.06810714248348285,11.04970299745474,11.457991317654404
NUSA TENGGARA BARAT,2026,mean_years_schooling_lag1,8.629999999999995,-0.009640733073970228,0.009640733073970228,11.04970299745474,11.457991317654404
NUSA TENGGARA BARAT,2026,expected_years_schooling_lag1,14.015,0.005257948286365992,0.005257948286365992,11.04970299745474,11.457991317654404
NUSA TENGGARA BARAT,2026,log_poverty_line_lag1,13.232426562363784,-0.0724038379341899,0.0724038379341899,11.04970299745474,11.457991317654404
NUSA TENGGARA TIMUR,2025,poverty_rate_lag1,19.25,7.588056555755631,7.588056555755631,11.04970299745474,18.90132724326496
NUSA TENGGARA TIMUR,2025,hdi_lag1,68.4,0.5753098239094319,0.5753098239094319,11.04970299745474,18.90132724326496
NUSA TENGGARA TIMUR,2025,tpt_lag1,3.12,0.020404392945983764,0.020404392945983764,11.04970299745474,18.90132724326496
NUSA TENGGARA TIMUR,2025,tpak_lag1,75.11500000000001,0.05625279546094681,0.05625279546094681,11.04970299745474,18.90132724326496
NUSA TENGGARA TIMUR,2025,aps_1315_lag1,94.89,-0.050050680601136946,0.050050680601136946,11.04970299745474,18.90132724326496
NUSA TENGGARA TIMUR,2025,mean_years_schooling_lag1,8.48,-0.08023007045079632,0.08023007045079632,11.04970299745474,18.90132724326496
NUSA TENGGARA TIMUR,2025,expected_years_schooling_lag1,13.23,-0.13356029805957606,0.13356029805957606,11.04970299745474,18.90132724326496
NUSA TENGGARA TIMUR,2025,log_poverty_line_lag1,13.181781624784826,-0.12456055228769378,0.12456055228769378,11.04970299745474,18.90132724326496
NUSA TENGGARA TIMUR,2026,poverty_rate_lag1,18.90132724326496,6.935000684984251,6.935000684984251,11.04970299745474,17.504648132138175
NUSA TENGGARA TIMUR,2026,hdi_lag1,69.08999999999992,-0.17216307333248032,0.17216307333248032,11.04970299745474,17.504648132138175
NUSA TENGGARA TIMUR,2026,tpt_lag1,2.892499999999984,-0.027930336389849954,0.027930336389849954,11.04970299745474,17.504648132138175
NUSA TENGGARA TIMUR,2026,tpak_lag1,75.90499999999997,0.047093305497805285,0.047093305497805285,11.04970299745474,17.504648132138175
NUSA TENGGARA TIMUR,2026,aps_1315_lag1,94.67500000000001,-0.04965828196618349,0.04965828196618349,11.04970299745474,17.504648132138175
NUSA TENGGARA TIMUR,2026,mean_years_schooling_lag1,8.534999999999997,-0.04910633069299675,0.04910633069299675,11.04970299745474,17.504648132138175
NUSA TENGGARA TIMUR,2026,expected_years_schooling_lag1,13.240000000000002,-0.12317944760455113,0.12317944760455113,11.04970299745474,17.504648132138175
NUSA TENGGARA TIMUR,2026,log_poverty_line_lag1,13.228084748765937,-0.10511259978902726,0.10511259978902726,11.04970299745474,17.504648132138175
PAPUA,2025,poverty_rate_lag1,17.675,5.835385498845349,5.835385498845349,11.04970299745474,17.84793199884537
PAPUA,2025,hdi_lag1,63.01,0.8000994693321739,0.8000994693321739,11.04970299745474,17.84793199884537
PAPUA,2025,tpt_lag1,3.08,-0.03629998382981753,0.03629998382981753,11.04970299745474,17.84793199884537
PAPUA,2025,tpak_lag1,76.995,0.09484429292704097,0.09484429292704097,11.04970299745474,17.84793199884537
PAPUA,2025,aps_1315_lag1,80.91,0.17055212382933269,0.17055212382933269,11.04970299745474,17.84793199884537
PAPUA,2025,mean_years_schooling_lag1,10.7,-0.06943148107607165,0.06943148107607165,11.04970299745474,17.84793199884537
PAPUA,2025,expected_years_schooling_lag1,13.72,-0.11126374563649352,0.11126374563649352,11.04970299745474,17.84793199884537
PAPUA,2025,log_poverty_line_lag1,13.446750019404112,0.1143416272108017,0.1143416272108017,11.04970299745474,17.84793199884537
PAPUA,2026,poverty_rate_lag1,17.84793199884537,6.00144913407831,6.00144913407831,11.04970299745474,18.021136815925672
PAPUA,2026,hdi_lag1,63.81499999999983,0.8140410596826938,0.8140410596826938,11.04970299745474,18.021136815925672
PAPUA,2026,tpt_lag1,2.8449999999999704,-0.026901032922444546,0.026901032922444546,11.04970299745474,18.021136815925672
PAPUA,2026,tpak_lag1,77.55249999999998,0.09975352309250296,0.09975352309250296,11.04970299745474,18.021136815925672
PAPUA,2026,aps_1315_lag1,81.35500000000002,0.17585987683179585,0.17585987683179585,11.04970299745474,18.021136815925672
PAPUA,2026,mean_years_schooling_lag1,10.8449999999998,-0.06639773538831581,0.06639773538831581,11.04970299745474,18.021136815925672
PAPUA,2026,expected_years_schooling_lag1,13.740000000000009,-0.09716311907821218,0.09716311907821218,11.04970299745474,18.021136815925672
PAPUA,2026,log_poverty_line_lag1,13.48181937698584,0.07079127816633987,0.07079127816633987,11.04970299745474,18.021136815925672
PAPUA BARAT,2025,poverty_rate_lag1,21.375,8.613831439948552,8.613831439948552,11.04970299745474,20.612489632671245
PAPUA BARAT,2025,hdi_lag1,67.47,0.8743256883352251,0.8743256883352251,11.04970299745474,20.612489632671245
PAPUA BARAT,2025,tpt_lag1,5.455,0.10889812872599766,0.10889812872599766,11.04970299745474,20.612489632671245
PAPUA BARAT,2025,tpak_lag1,68.3,-0.032925115795407536,0.032925115795407536,11.04970299745474,20.612489632671245
PAPUA BARAT,2025,aps_1315_lag1,97.42,-0.020064739139623033,0.020064739139623033,11.04970299745474,20.612489632671245
PAPUA BARAT,2025,mean_years_schooling_lag1,9.87,-0.03988623272497123,0.03988623272497123,11.04970299745474,20.612489632671245
PAPUA BARAT,2025,expected_years_schooling_lag1,13.17,-0.10283829762261165,0.10283829762261165,11.04970299745474,20.612489632671245
PAPUA BARAT,2025,log_poverty_line_lag1,13.598856529075562,0.16144433990738413,0.16144433990738413,11.04970299745474,20.612489632671245
PAPUA BARAT,2026,poverty_rate_lag1,20.612489632671245,8.173085909264085,8.173085909264085,11.04970299745474,19.947868755426555
PAPUA BARAT,2026,hdi_lag1,68.14999999999998,0.7774709755240201,0.7774709755240201,11.04970299745474,19.947868755426555
PAPUA BARAT,2026,tpt_lag1,5.177500000000009,0.04960860634521942,0.04960860634521942,11.04970299745474,19.947868755426555
PAPUA BARAT,2026,tpak_lag1,67.83750000000009,-0.024291009043942085,0.024291009043942085,11.04970299745474,19.947868755426555
PAPUA BARAT,2026,aps_1315_lag1,97.70499999999998,-0.05368661967484083,0.05368661967484083,11.04970299745474,19.947868755426555
PAPUA BARAT,2026,mean_years_schooling_lag1,9.924999999999997,-0.043784603736160284,0.043784603736160284,11.04970299745474,19.947868755426555
PAPUA BARAT,2026,expected_years_schooling_lag1,13.274999999999999,-0.12998990955826045,0.12998990955826045,11.04970299745474,19.947868755426555
PAPUA BARAT,2026,log_poverty_line_lag1,13.631341208232918,0.14975117891221051,0.14975117891221051,11.04970299745474,19.947868755426555
PAPUA BARAT DAYA,2025,poverty_rate_lag1,17.54,5.875334178545435,5.875334178545435,11.04970299745474,17.69029126369
PAPUA BARAT DAYA,2025,hdi_lag1,67.47,0.8372567916078437,0.8372567916078437,11.04970299745474,17.69029126369
PAPUA BARAT DAYA,2025,tpt_lag1,5.455,0.02294885451515148,0.02294885451515148,11.04970299745474,17.69029126369
PAPUA BARAT DAYA,2025,tpak_lag1,68.3,-0.0498848702788634,0.0498848702788634,11.04970299745474,17.69029126369
PAPUA BARAT DAYA,2025,aps_1315_lag1,97.42,-0.022953786134727597,0.022953786134727597,11.04970299745474,17.69029126369
PAPUA BARAT DAYA,2025,mean_years_schooling_lag1,10.48,-0.06185697315011261,0.06185697315011261,11.04970299745474,17.69029126369
PAPUA BARAT DAYA,2025,expected_years_schooling_lag1,13.88,-0.08338760478337633,0.08338760478337633,11.04970299745474,17.69029126369
PAPUA BARAT DAYA,2025,log_poverty_line_lag1,13.559202467796457,0.12313133773531626,0.12313133773531626,11.04970299745474,17.69029126369
PAPUA BARAT DAYA,2026,poverty_rate_lag1,17.69029126369,5.8983049945754065,5.8983049945754065,11.04970299745474,17.59045803225159
PAPUA BARAT DAYA,2026,hdi_lag1,68.14999999999998,0.7538684418560883,0.7538684418560883,11.04970299745474,17.59045803225159
PAPUA BARAT DAYA,2026,tpt_lag1,5.177500000000009,0.02390749588220359,0.02390749588220359,11.04970299745474,17.59045803225159
PAPUA BARAT DAYA,2026,tpak_lag1,67.83750000000009,-0.044019339531110355,0.044019339531110355,11.04970299745474,17.59045803225159
PAPUA BARAT DAYA,2026,aps_1315_lag1,97.70499999999998,-0.06500789658594885,0.06500789658594885,11.04970299745474,17.59045803225159
PAPUA BARAT DAYA,2026,mean_years_schooling_lag1,10.535000000000025,-0.06117162752223252,0.06117162752223252,11.04970299745474,17.59045803225159
PAPUA BARAT DAYA,2026,expected_years_schooling_lag1,13.985000000000014,-0.08677462145874942,0.08677462145874942,11.04970299745474,17.59045803225159
PAPUA BARAT DAYA,2026,log_poverty_line_lag1,13.592240359321309,0.12164734809303387,0.12164734809303387,11.04970299745474,17.59045803225159
PAPUA PEGUNUNGAN,2025,poverty_rate_lag1,31.314999999999998,14.747118072299367,14.747118072299367,11.04970299745474,27.876475804003015
PAPUA PEGUNUNGAN,2025,hdi_lag1,63.01,1.1122615615322888,1.1122615615322888,11.04970299745474,27.876475804003015
PAPUA PEGUNUNGAN,2025,tpt_lag1,3.08,0.037889327731050804,0.037889327731050804,11.04970299745474,27.876475804003015
PAPUA PEGUNUNGAN,2025,tpak_lag1,76.995,0.13751605404107356,0.13751605404107356,11.04970299745474,27.876475804003015
PAPUA PEGUNUNGAN,2025,aps_1315_lag1,80.91,0.24192033780258226,0.24192033780258226,11.04970299745474,27.876475804003015
PAPUA PEGUNUNGAN,2025,mean_years_schooling_lag1,5.1,0.12051509980924971,0.12051509980924971,11.04970299745474,27.876475804003015
PAPUA PEGUNUNGAN,2025,expected_years_schooling_lag1,9.97,0.27331232729452837,0.27331232729452837,11.04970299745474,27.876475804003015
PAPUA PEGUNUNGAN,2025,log_poverty_line_lag1,13.662284200819157,0.15624356948715468,0.15624356948715468,11.04970299745474,27.876475804003015
PAPUA PEGUNUNGAN,2026,poverty_rate_lag1,27.876475804003015,15.566400712658455,15.566400712658455,11.04970299745474,28.68488845533926
PAPUA PEGUNUNGAN,2026,hdi_lag1,63.81499999999983,1.1135364265059784,1.1135364265059784,11.04970299745474,28.68488845533926
PAPUA PEGUNUNGAN,2026,tpt_lag1,2.8449999999999704,0.036203419962050246,0.036203419962050246,11.04970299745474,28.68488845533926
PAPUA PEGUNUNGAN,2026,tpak_lag1,77.55249999999998,0.12398093265900897,0.12398093265900897,11.04970299745474,28.68488845533926
PAPUA PEGUNUNGAN,2026,aps_1315_lag1,81.35500000000002,0.2449802122710042,0.2449802122710042,11.04970299745474,28.68488845533926
PAPUA PEGUNUNGAN,2026,mean_years_schooling_lag1,5.244999999999891,0.12011638616284173,0.12011638616284173,11.04970299745474,28.68488845533926
PAPUA PEGUNUNGAN,2026,expected_years_schooling_lag1,9.989999999999895,0.2731793703992169,0.2731793703992169,11.04970299745474,28.68488845533926
PAPUA PEGUNUNGAN,2026,log_poverty_line_lag1,13.697353558400891,0.15679082406309597,0.15679082406309597,11.04970299745474,28.68488845533926
PAPUA SELATAN,2025,poverty_rate_lag1,18.395000000000003,6.126016916357534,6.126016916357534,11.04970299745474,18.13102683570966
PAPUA SELATAN,2025,hdi_lag1,63.01,0.8231463707163107,0.8231463707163107,11.04970299745474,18.13102683570966
PAPUA SELATAN,2025,tpt_lag1,3.08,-0.036669508228686455,0.036669508228686455,11.04970299745474,18.13102683570966
PAPUA SELATAN,2025,tpak_lag1,76.995,0.09115789082957611,0.09115789082957611,11.04970299745474,18.13102683570966
PAPUA SELATAN,2025,aps_1315_lag1,80.91,0.17333446966935634,0.17333446966935634,11.04970299745474,18.13102683570966
PAPUA SELATAN,2025,mean_years_schooling_lag1,8.99,-0.034770479628606216,0.034770479628606216,11.04970299745474,18.13102683570966
PAPUA SELATAN,2025,expected_years_schooling_lag1,12.67,-0.06688238089703051,0.06688238089703051,11.04970299745474,18.13102683570966
PAPUA SELATAN,2025,log_poverty_line_lag1,13.328393322761652,0.005989526030133051,0.005989526030133051,11.04970299745474,18.13102683570966
PAPUA SELATAN,2026,poverty_rate_lag1,18.13102683570966,6.121866168410341,6.121866168410341,11.04970299745474,18.14429209600661
PAPUA SELATAN,2026,hdi_lag1,63.81499999999983,0.8304976058058535,0.8304976058058535,11.04970299745474,18.14429209600661
PAPUA SELATAN,2026,tpt_lag1,2.8449999999999704,-0.03217265180021167,0.03217265180021167,11.04970299745474,18.14429209600661
PAPUA SELATAN,2026,tpak_lag1,77.55249999999998,0.09122876153761728,0.09122876153761728,11.04970299745474,18.14429209600661
PAPUA SELATAN,2026,aps_1315_lag1,81.35500000000002,0.18309269015249663,0.18309269015249663,11.04970299745474,18.14429209600661
PAPUA SELATAN,2026,mean_years_schooling_lag1,9.135000000000218,-0.03709256773255367,0.03709256773255367,11.04970299745474,18.14429209600661
PAPUA SELATAN,2026,expected_years_schooling_lag1,12.690000000000055,-0.06652140303865878,0.06652140303865878,11.04970299745474,18.14429209600661
PAPUA SELATAN,2026,log_poverty_line_lag1,13.363462680343371,0.0036893580493087483,0.0036893580493087483,11.04970299745474,18.14429209600661
PAPUA TENGAH,2025,poverty_rate_lag1,28.68,14.755845243033656,14.755845243033656,11.04970299745474,27.54861161182239
PAPUA TENGAH,2025,hdi_lag1,63.01,1.0844075531938642,1.0844075531938642,11.04970299745474,27.54861161182239
PAPUA TENGAH,2025,tpt_lag1,3.08,0.030561385559092717,0.030561385559092717,11.04970299745474,27.54861161182239
PAPUA TENGAH,2025,tpak_lag1,76.995,0.12174043677981028,0.12174043677981028,11.04970299745474,27.54861161182239
PAPUA TENGAH,2025,aps_1315_lag1,80.91,0.22783956867091915,0.22783956867091915,11.04970299745474,27.54861161182239
PAPUA TENGAH,2025,mean_years_schooling_lag1,6.17,0.11907099663292743,0.11907099663292743,11.04970299745474,27.54861161182239
PAPUA TENGAH,2025,expected_years_schooling_lag1,13.72,0.005216425087953346,0.005216425087953346,11.04970299745474,27.54861161182239
PAPUA TENGAH,2025,log_poverty_line_lag1,13.509614276012552,0.15423126046766297,0.15423126046766297,11.04970299745474,27.54861161182239
PAPUA TENGAH,2026,poverty_rate_lag1,27.54861161182239,14.285362630501526,14.285362630501526,11.04970299745474,27.1074380735773
PAPUA TENGAH,2026,hdi_lag1,63.81499999999983,1.0931374772095954,1.0931374772095954,11.04970299745474,27.1074380735773
PAPUA TENGAH,2026,tpt_lag1,2.8449999999999704,0.04500165807654971,0.04500165807654971,11.04970299745474,27.1074380735773
PAPUA TENGAH,2026,tpak_lag1,77.55249999999998,0.1115461612388273,0.1115461612388273,11.04970299745474,27.1074380735773
PAPUA TENGAH,2026,aps_1315_lag1,81.35500000000002,0.2188963636876195,0.2188963636876195,11.04970299745474,27.1074380735773
PAPUA TENGAH,2026,mean_years_schooling_lag1,6.314999999999941,0.10996579475971505,0.10996579475971505,11.04970299745474,27.1074380735773
PAPUA TENGAH,2026,expected_years_schooling_lag1,13.740000000000009,0.032170445629938274,0.032170445629938274,11.04970299745474,27.1074380735773
PAPUA TENGAH,2026,log_poverty_line_lag1,13.54468363359426,0.1616531045784288,0.1616531045784288,11.04970299745474,27.1074380735773
RIAU,2025,poverty_rate_lag1,6.515000000000001,-4.219277634439656,4.219277634439656,11.04970299745474,6.457948508507761
RIAU,2025,hdi_lag1,74.95,-0.2797833626054903,0.2797833626054903,11.04970299745474,6.457948508507761
RIAU,2025,tpt_lag1,4.24,0.010514106796529558,0.010514106796529558,11.04970299745474,6.457948508507761
RIAU,2025,tpak_lag1,64.815,-0.022881410404756965,0.022881410404756965,11.04970299745474,6.457948508507761
RIAU,2025,aps_1315_lag1,95.89,-0.012069650526123542,0.012069650526123542,11.04970299745474,6.457948508507761
RIAU,2025,mean_years_schooling_lag1,9.69,-0.02169414475431672,0.02169414475431672,11.04970299745474,6.457948508507761
RIAU,2025,expected_years_schooling_lag1,13.42,-0.07202631280416621,0.07202631280416621,11.04970299745474,6.457948508507761
RIAU,2025,log_poverty_line_lag1,13.45877561222547,0.025464415565565807,0.025464415565565807,11.04970299745474,6.457948508507761
RIAU,2026,poverty_rate_lag1,6.457948508507761,-4.57466724125497,4.57466724125497,11.04970299745474,6.102811612229024
RIAU,2026,hdi_lag1,75.48000000000002,-0.2861127982157716,0.2861127982157716,11.04970299745474,6.102811612229024
RIAU,2026,tpt_lag1,4.014999999999986,0.021470592684205026,0.021470592684205026,11.04970299745474,6.102811612229024
RIAU,2026,tpak_lag1,64.51250000000005,-0.02195577084562196,0.02195577084562196,11.04970299745474,6.102811612229024
RIAU,2026,aps_1315_lag1,96.005,-0.011785313875869237,0.011785313875869237,11.04970299745474,6.102811612229024
RIAU,2026,mean_years_schooling_lag1,9.72999999999999,-0.01652391337203118,0.01652391337203118,11.04970299745474,6.102811612229024
RIAU,2026,expected_years_schooling_lag1,13.430000000000007,-0.07333874769267276,0.07333874769267276,11.04970299745474,6.102811612229024
RIAU,2026,log_poverty_line_lag1,13.494030313924469,0.016022421159645195,0.016022421159645195,11.04970299745474,6.102811612229024
SULAWESI BARAT,2025,poverty_rate_lag1,10.96,0.1885590899377191,0.1885590899377191,11.04970299745474,10.915220205646875
SULAWESI BARAT,2025,hdi_lag1,69.8,-0.2496753549705024,0.2496753549705024,11.04970299745474,10.915220205646875
SULAWESI BARAT,2025,tpt_lag1,2.6550000000000002,-0.03708966348670507,0.03708966348670507,11.04970299745474,10.915220205646875
SULAWESI BARAT,2025,tpak_lag1,69.33500000000001,-0.017966385984538806,0.017966385984538806,11.04970299745474,10.915220205646875
SULAWESI BARAT,2025,aps_1315_lag1,89.47,0.16637670398803459,0.16637670398803459,11.04970299745474,10.915220205646875
SULAWESI BARAT,2025,mean_years_schooling_lag1,8.56,-0.03282714054810341,0.03282714054810341,11.04970299745474,10.915220205646875
SULAWESI BARAT,2025,expected_years_schooling_lag1,12.89,-0.08386171564894813,0.08386171564894813,11.04970299745474,10.915220205646875
SULAWESI BARAT,2025,log_poverty_line_lag1,13.033709197206685,-0.0679976985382362,0.0679976985382362,11.04970299745474,10.915220205646875
SULAWESI BARAT,2026,poverty_rate_lag1,10.915220205646875,0.19160227356559534,0.19160227356559534,11.04970299745474,10.953807221533156
SULAWESI BARAT,2026,hdi_lag1,70.38,-0.24593307413057172,0.24593307413057172,11.04970299745474,10.953807221533156
SULAWESI BARAT,2026,tpt_lag1,2.3799999999999955,-0.03583933065582118,0.03583933065582118,11.04970299745474,10.953807221533156
SULAWESI BARAT,2026,tpak_lag1,68.50749999999971,-0.0005816302254876409,0.0005816302254876409,11.04970299745474,10.953807221533156
SULAWESI BARAT,2026,aps_1315_lag1,89.14499999999998,0.1675376778965172,0.1675376778965172,11.04970299745474,10.953807221533156
SULAWESI BARAT,2026,mean_years_schooling_lag1,8.605000000000004,-0.03031292436966157,0.03031292436966157,11.04970299745474,10.953807221533156
SULAWESI BARAT,2026,expected_years_schooling_lag1,12.900000000000002,-0.08438621581046804,0.08438621581046804,11.04970299745474,10.953807221533156
SULAWESI BARAT,2026,log_poverty_line_lag1,13.073825047709072,-0.05798222095191171,0.05798222095191171,11.04970299745474,10.953807221533156
SULAWESI SELATAN,2025,poverty_rate_lag1,7.915,-3.0039064557150583,3.0039064557150583,11.04970299745474,7.614201263314487
SULAWESI SELATAN,2025,hdi_lag1,74.6,-0.2628637949150112,0.2628637949150112,11.04970299745474,7.614201263314487
SULAWESI SELATAN,2025,tpt_lag1,4.795,-0.01659893302394229,0.01659893302394229,11.04970299745474,7.614201263314487
SULAWESI SELATAN,2025,tpak_lag1,65.015,0.0034869231108456333,0.0034869231108456333,11.04970299745474,7.614201263314487
SULAWESI SELATAN,2025,aps_1315_lag1,93.22,-0.06749909706905108,0.06749909706905108,11.04970299745474,7.614201263314487
SULAWESI SELATAN,2025,mean_years_schooling_lag1,9.22,-0.02040630843678322,0.02040630843678322,11.04970299745474,7.614201263314487
SULAWESI SELATAN,2025,expected_years_schooling_lag1,13.55,-0.028718152612073326,0.028718152612073326,11.04970299745474,7.614201263314487
SULAWESI SELATAN,2025,log_poverty_line_lag1,13.046795725051009,-0.03899589378631552,0.03899589378631552,11.04970299745474,7.614201263314487
SULAWESI SELATAN,2026,poverty_rate_lag1,7.614201263314487,-3.2420491719300744,3.2420491719300744,11.04970299745474,7.419861766296364
SULAWESI SELATAN,2026,hdi_lag1,75.21000000000004,-0.2593065595828391,0.2593065595828391,11.04970299745474,7.419861766296364
SULAWESI SELATAN,2026,tpt_lag1,4.314999999999941,0.010293638572168027,0.010293638572168027,11.04970299745474,7.419861766296364
SULAWESI SELATAN,2026,tpak_lag1,65.0,0.011625176604672237,0.011625176604672237,11.04970299745474,7.419861766296364
SULAWESI SELATAN,2026,aps_1315_lag1,93.05500000000004,-0.047419604716535724,0.047419604716535724,11.04970299745474,7.419861766296364
SULAWESI SELATAN,2026,mean_years_schooling_lag1,9.305000000000007,-0.02835681476451042,0.02835681476451042,11.04970299745474,7.419861766296364
SULAWESI SELATAN,2026,expected_years_schooling_lag1,13.560000000000002,-0.028278277907448662,0.028278277907448662,11.04970299745474,7.419861766296364
SULAWESI SELATAN,2026,log_poverty_line_lag1,13.0832314863286,-0.0463494580968323,0.0463494580968323,11.04970299745474,7.419861766296364
SULAWESI TENGAH,2025,poverty_rate_lag1,11.405,0.34100665930073804,0.34100665930073804,11.04970299745474,11.08225282612084
SULAWESI TENGAH,2025,hdi_lag1,71.66,-0.1953848546411178,0.1953848546411178,11.04970299745474,11.08225282612084
SULAWESI TENGAH,2025,tpt_lag1,3.22,0.021716009706592133,0.021716009706592133,11.04970299745474,11.08225282612084
SULAWESI TENGAH,2025,tpak_lag1,70.02,0.0013169533373108707,0.0013169533373108707,11.04970299745474,11.08225282612084
SULAWESI TENGAH,2025,aps_1315_lag1,93.13,-0.0204259848222038,0.0204259848222038,11.04970299745474,11.08225282612084
SULAWESI TENGAH,2025,mean_years_schooling_lag1,9.28,-0.03592070285323727,0.03592070285323727,11.04970299745474,11.08225282612084
SULAWESI TENGAH,2025,expected_years_schooling_lag1,13.34,-0.08513005288473592,0.08513005288473592,11.04970299745474,11.08225282612084
SULAWESI TENGAH,2025,log_poverty_line_lag1,13.31261920777035,0.005371869284623812,0.005371869284623812,11.04970299745474,11.08225282612084
SULAWESI TENGAH,2026,poverty_rate_lag1,11.08225282612084,0.30203853502968114,0.30203853502968114,11.04970299745474,11.04870482109827
SULAWESI TENGAH,2026,hdi_lag1,72.21999999999991,-0.18095570339096367,0.18095570339096367,11.04970299745474,11.04870482109827
SULAWESI TENGAH,2026,tpt_lag1,2.9600000000000364,-0.022532826611045224,0.022532826611045224,11.04970299745474,11.04870482109827
SULAWESI TENGAH,2026,tpak_lag1,70.61500000000001,0.022158643197761972,0.022158643197761972,11.04970299745474,11.04870482109827
SULAWESI TENGAH,2026,aps_1315_lag1,93.03500000000001,-0.014665357711873286,0.014665357711873286,11.04970299745474,11.04870482109827
SULAWESI TENGAH,2026,mean_years_schooling_lag1,9.300000000000011,-0.033570433075931716,0.033570433075931716,11.04970299745474,11.04870482109827
SULAWESI TENGAH,2026,expected_years_schooling_lag1,13.389999999999993,-0.08368246642656249,0.08368246642656249,11.04970299745474,11.04870482109827
SULAWESI TENGAH,2026,log_poverty_line_lag1,13.343900463868941,0.010211659412038571,0.010211659412038571,11.04970299745474,11.04870482109827
SULAWESI TENGGARA,2025,poverty_rate_lag1,10.920000000000002,0.16027066759665598,0.16027066759665598,11.04970299745474,10.920822396700721
SULAWESI TENGGARA,2025,hdi_lag1,72.94,-0.21166728742059798,0.21166728742059798,11.04970299745474,10.920822396700721
SULAWESI TENGGARA,2025,tpt_lag1,3.4050000000000002,0.022371805286314373,0.022371805286314373,11.04970299745474,10.920822396700721
SULAWESI TENGGARA,2025,tpak_lag1,68.81,-0.01166315044475079,0.01166315044475079,11.04970299745474,10.920822396700721
SULAWESI TENGGARA,2025,aps_1315_lag1,95.0,-0.04119611759789029,0.04119611759789029,11.04970299745474,10.920822396700721
SULAWESI TENGGARA,2025,mean_years_schooling_lag1,9.74,-0.02696845372788987,0.02696845372788987,11.04970299745474,10.920822396700721
SULAWESI TENGGARA,2025,expected_years_schooling_lag1,13.71,0.02304344472762275,0.02304344472762275,11.04970299745474,10.920822396700721
SULAWESI TENGGARA,2025,log_poverty_line_lag1,13.056285538791949,-0.04307003808997614,0.04307003808997614,11.04970299745474,10.920822396700721
SULAWESI TENGGARA,2026,poverty_rate_lag1,10.920822396700721,0.21569025595570326,0.21569025595570326,11.04970299745474,10.951751094508756
SULAWESI TENGGARA,2026,hdi_lag1,73.5,-0.2077269243149506,0.2077269243149506,11.04970299745474,10.951751094508756
SULAWESI TENGGARA,2026,tpt_lag1,3.072499999999991,-0.030743163893608413,0.030743163893608413,11.04970299745474,10.951751094508756
SULAWESI TENGGARA,2026,tpak_lag1,68.00250000000005,0.007271613267564934,0.007271613267564934,11.04970299745474,10.951751094508756
SULAWESI TENGGARA,2026,aps_1315_lag1,94.97000000000001,-0.038765381126218135,0.038765381126218135,11.04970299745474,10.951751094508756
SULAWESI TENGGARA,2026,mean_years_schooling_lag1,9.79000000000002,-0.026386965357333165,0.026386965357333165,11.04970299745474,10.951751094508756
SULAWESI TENGGARA,2026,expected_years_schooling_lag1,13.72,0.02361945408753837,0.02361945408753837,11.04970299745474,10.951751094508756
SULAWESI TENGGARA,2026,log_poverty_line_lag1,13.093262005966565,-0.0409094287903798,0.0409094287903798,11.04970299745474,10.951751094508756
SULAWESI UTARA,2025,poverty_rate_lag1,6.975,-3.817268287894863,3.817268287894863,11.04970299745474,6.824214502976964
SULAWESI UTARA,2025,hdi_lag1,75.04,-0.2578332754406045,0.2578332754406045,11.04970299745474,6.824214502976964
SULAWESI UTARA,2025,tpt_lag1,6.145,0.017258526969146353,0.017258526969146353,11.04970299745474,6.824214502976964
SULAWESI UTARA,2025,tpak_lag1,63.7,0.0006378608397839937,0.0006378608397839937,11.04970299745474,6.824214502976964
SULAWESI UTARA,2025,aps_1315_lag1,95.0,-0.056461904238933,0.056461904238933,11.04970299745474,6.824214502976964
SULAWESI UTARA,2025,mean_years_schooling_lag1,10.02,-0.012867091225210098,0.012867091225210098,11.04970299745474,6.824214502976964
SULAWESI UTARA,2025,expected_years_schooling_lag1,12.97,-0.04065053832015228,0.04065053832015228,11.04970299745474,6.824214502976964
SULAWESI UTARA,2025,log_poverty_line_lag1,13.124789432152209,-0.05830382512416966,0.05830382512416966,11.04970299745474,6.824214502976964
SULAWESI UTARA,2026,poverty_rate_lag1,6.824214502976964,-4.079652090410436,4.079652090410436,11.04970299745474,6.567449220852202
SULAWESI UTARA,2026,hdi_lag1,75.54499999999996,-0.26535331427115477,0.26535331427115477,11.04970299745474,6.567449220852202
SULAWESI UTARA,2026,tpt_lag1,5.63250000000005,0.01227735905957288,0.01227735905957288,11.04970299745474,6.567449220852202
SULAWESI UTARA,2026,tpak_lag1,64.1925,0.008076226357842,0.008076226357842,11.04970299745474,6.567449220852202
SULAWESI UTARA,2026,aps_1315_lag1,94.79499999999999,-0.05605144172025418,0.05605144172025418,11.04970299745474,6.567449220852202
SULAWESI UTARA,2026,mean_years_schooling_lag1,10.074999999999989,-0.009287475734289556,0.009287475734289556,11.04970299745474,6.567449220852202
SULAWESI UTARA,2026,expected_years_schooling_lag1,12.980000000000002,-0.03808556509431696,0.03808556509431696,11.04970299745474,6.567449220852202
SULAWESI UTARA,2026,log_poverty_line_lag1,13.152529164889096,-0.05417770434401976,0.05417770434401976,11.04970299745474,6.567449220852202
SUMATERA BARAT,2025,poverty_rate_lag1,5.695,-5.155559385002276,5.155559385002276,11.04970299745474,5.608916629731864
SUMATERA BARAT,2025,hdi_lag1,75.64,-0.28725677158916496,0.28725677158916496,11.04970299745474,5.608916629731864
SUMATERA BARAT,2025,tpt_lag1,5.92,0.024530800994492577,0.024530800994492577,11.04970299745474,5.608916629731864
SUMATERA BARAT,2025,tpak_lag1,69.785,-0.03898978108978371,0.03898978108978371,11.04970299745474,5.608916629731864
SUMATERA BARAT,2025,aps_1315_lag1,96.79,-0.013695951534287584,0.013695951534287584,11.04970299745474,5.608916629731864
SUMATERA BARAT,2025,mean_years_schooling_lag1,9.72,-0.025246633181232377,0.025246633181232377,11.04970299745474,5.608916629731864
SUMATERA BARAT,2025,expected_years_schooling_lag1,14.3,0.017123690232260645,0.017123690232260645,11.04970299745474,5.608916629731864
SUMATERA BARAT,2025,log_poverty_line_lag1,13.475416671077715,0.03830865126870687,0.03830865126870687,11.04970299745474,5.608916629731864
SUMATERA BARAT,2026,poverty_rate_lag1,5.608916629731864,-5.288937417391764,5.288937417391764,11.04970299745474,5.541003122515972
SUMATERA BARAT,2026,hdi_lag1,76.17999999999995,-0.2877364086927716,0.2877364086927716,11.04970299745474,5.541003122515972
SUMATERA BARAT,2026,tpt_lag1,5.582499999999982,0.008162329755150112,0.008162329755150112,11.04970299745474,5.541003122515972
SUMATERA BARAT,2026,tpak_lag1,70.64499999999998,0.024391581066830335,0.024391581066830335,11.04970299745474,5.541003122515972
SUMATERA BARAT,2026,aps_1315_lag1,96.87,-0.020730151614053356,0.020730151614053356,11.04970299745474,5.541003122515972
SUMATERA BARAT,2026,mean_years_schooling_lag1,9.784999999999997,-0.02451206726030403,0.02451206726030403,11.04970299745474,5.541003122515972
SUMATERA BARAT,2026,expected_years_schooling_lag1,14.310000000000002,0.016130464981958137,0.016130464981958137,11.04970299745474,5.541003122515972
SUMATERA BARAT,2026,log_poverty_line_lag1,13.512642898178882,0.0645320932500149,0.0645320932500149,11.04970299745474,5.541003122515972
SUMATERA SELATAN,2025,poverty_rate_lag1,10.74,-0.07724953234087471,0.07724953234087471,11.04970299745474,10.665634043271934
SUMATERA SELATAN,2025,hdi_lag1,73.18,-0.2386245696713275,0.2386245696713275,11.04970299745474,10.665634043271934
SUMATERA SELATAN,2025,tpt_lag1,4.32,0.0155782579712914,0.0155782579712914,11.04970299745474,10.665634043271934
SUMATERA SELATAN,2025,tpak_lag1,70.225,-0.01721346995764739,0.01721346995764739,11.04970299745474,10.665634043271934
SUMATERA SELATAN,2025,aps_1315_lag1,95.27,-0.08281039537494976,0.08281039537494976,11.04970299745474,10.665634043271934
SUMATERA SELATAN,2025,mean_years_schooling_lag1,8.98,-0.008046569564249812,0.008046569564249812,11.04970299745474,10.665634043271934
SUMATERA SELATAN,2025,expected_years_schooling_lag1,12.64,0.11213562687189162,0.11213562687189162,11.04970299745474,10.665634043271934
SUMATERA SELATAN,2025,log_poverty_line_lag1,13.234494023920794,-0.08783788638498431,0.08783788638498431,11.04970299745474,10.665634043271934
SUMATERA SELATAN,2026,poverty_rate_lag1,10.665634043271934,-0.45831123189364825,0.45831123189364825,11.04970299745474,10.264975998045706
SUMATERA SELATAN,2026,hdi_lag1,73.85500000000002,-0.23740735863244408,0.23740735863244408,11.04970299745474,10.264975998045706
SUMATERA SELATAN,2026,tpt_lag1,3.9424999999999955,0.03080636653954265,0.03080636653954265,11.04970299745474,10.264975998045706
SUMATERA SELATAN,2026,tpak_lag1,70.65750000000003,0.011284793028159813,0.011284793028159813,11.04970299745474,10.264975998045706
SUMATERA SELATAN,2026,aps_1315_lag1,95.48000000000002,-0.027381018681307392,0.027381018681307392,11.04970299745474,10.264975998045706
SUMATERA SELATAN,2026,mean_years_schooling_lag1,9.039999999999992,-0.010495871282146352,0.010495871282146352,11.04970299745474,10.264975998045706
SUMATERA SELATAN,2026,expected_years_schooling_lag1,12.685000000000002,-0.10259667477730985,0.10259667477730985,11.04970299745474,10.264975998045706
SUMATERA SELATAN,2026,log_poverty_line_lag1,13.264543409092632,0.009373878710384018,0.009373878710384018,11.04970299745474,10.264975998045706
SUMATERA UTARA,2025,poverty_rate_lag1,7.59,-3.2385071694416556,3.2385071694416556,11.04970299745474,7.453847439888915
SUMATERA UTARA,2025,hdi_lag1,75.13,-0.25700405271497795,0.25700405271497795,11.04970299745474,7.453847439888915
SUMATERA UTARA,2025,tpt_lag1,5.5649999999999995,0.01445793045765931,0.01445793045765931,11.04970299745474,7.453847439888915
SUMATERA UTARA,2025,tpak_lag1,70.83,-0.0020508798975153314,0.0020508798975153314,11.04970299745474,7.453847439888915
SUMATERA UTARA,2025,aps_1315_lag1,96.76,-0.026804662541765514,0.026804662541765514,11.04970299745474,7.453847439888915
SUMATERA UTARA,2025,mean_years_schooling_lag1,10.18,-0.03281560756319514,0.03281560756319514,11.04970299745474,7.453847439888915
SUMATERA UTARA,2025,expected_years_schooling_lag1,13.49,-0.06798251229666794,0.06798251229666794,11.04970299745474,7.453847439888915
SUMATERA UTARA,2025,log_poverty_line_lag1,13.377593794847938,0.01485147583112104,0.01485147583112104,11.04970299745474,7.453847439888915
SUMATERA UTARA,2026,poverty_rate_lag1,7.453847439888915,-3.2770495074134884,3.2770495074134884,11.04970299745474,7.518284212110865
SUMATERA UTARA,2026,hdi_lag1,75.77500000000009,-0.25897168183485947,0.25897168183485947,11.04970299745474,7.518284212110865
SUMATERA UTARA,2026,tpt_lag1,5.262499999999989,0.010212135751940646,0.010212135751940646,11.04970299745474,7.518284212110865
SUMATERA UTARA,2026,tpak_lag1,71.62249999999972,0.02737394755899,0.02737394755899,11.04970299745474,7.518284212110865
SUMATERA UTARA,2026,aps_1315_lag1,96.64500000000001,-0.023231393516850975,0.023231393516850975,11.04970299745474,7.518284212110865
SUMATERA UTARA,2026,mean_years_schooling_lag1,10.275000000000006,-0.03500113757349108,0.03500113757349108,11.04970299745474,7.518284212110865
SUMATERA UTARA,2026,expected_years_schooling_lag1,13.594999999999999,-0.04766973674339881,0.04766973674339881,11.04970299745474,7.518284212110865
SUMATERA UTARA,2026,log_poverty_line_lag1,13.409451744101347,0.07291866898070165,0.07291866898070165,11.04970299745474,7.518284212110865
