"conversation_id_str","created_at","favorite_count","full_text","id_str","image_url","in_reply_to_screen_name","lang","location","quote_count","reply_count","retweet_count","tweet_url","user_id_str","username"
"1870356468626829575","2024-12-21T06:31:46.000Z","0","kayak gini cuma 1 dari sepersekian ribu atau ratusan ribu. faktor hoki. there's a reason why persentase penduduk miskin di indonesia masih 9,03%","1870356468626829575","","","in","","0","0","0","https://x.com/cruisinglewy/status/1870356468626829575","1015189881281130497","cruisinglewy"
"1869320695056077052","2024-12-18T09:55:59.000Z","1","Persentase penduduk miskin =&gt; indikator.
DTKS &amp; Regsosek =&gt; database.

Sejauh ini, untuk urusan bantuan sosial, kita masih bergantung sama database yang penyusunannya bergantung pada konsen atau pelaporan kepala satuan setempat. Gak ada urusannya sama World Bank.","1869320698046587211","","nonparametriek","in","","0","1","0","https://x.com/nonparametriek/status/1869320698046587211","1079052462","nonparametriek"
"1867919826792091783","2024-12-14T13:09:25.000Z","21","Kepulauan Meranti merupakan kabupaten dengan persentase penduduk miskin tertinggi di Pulau Sumatera, di mana pada tahun 2022 sebesar 23,84% lalu pada tahun 2023 sempat turun menjadi 22,98% dan pada tahun 2024 kembali meningkat menjadi 23,15% https://t.co/l83r9Dq30j","1867919826792091783","https://pbs.twimg.com/media/GewvLpubgAAiQQe.jpg","","in","","0","1","2","https://x.com/maqdisasha/status/1867919826792091783","3017267964","maqdisasha"
"1862677177940287609","2024-11-30T02:05:05.000Z","0","Kemisinan di Banten Mengalami Penurunan, mengamati data terkini, Persentase penduduk miskin di Provinsi Banten pada Maret 2024 tercatat sebesar 5,84%, menurun 0,33 persentase dari periode sebelumnya, dibulan Maret 2023 yang mencapai 6,17%
#Ekonomi
#Banten https://t.co/dyZaPxF3v5","1862679212777513473","https://pbs.twimg.com/media/GdmQcNaW4AAL_HT.jpg","mraldy13","in","","0","0","0","https://x.com/mraldy13/status/1862679212777513473","1356456322716286976","mraldy13"
"1861692538916405335","2024-11-28T23:18:07.000Z","2","@indrasbitchhere propinsi paling banyak orang miskinnya Jatim,propinsi persentase penduduk miskin terbanyak adl NTT!BUKAN JATENG!elu masih kemakan rethorika anti PDIP dengan ngambil sample Jateng,SBY dari Jatim bukan Jateng,Suharto dari Jogja,Sukarno Surabaya,Gusdur Jatim,Habibi Sulsel!","1862274804981932383","","indrasbitchhere","in","","0","0","1","https://x.com/idoasberger/status/1862274804981932383","1500695994073157634","idoasberger"
"1861756752783614272","2024-11-28T07:46:56.000Z","5","@gus_dibyo Coba aja liat statistik nya berapa persen yg berpendidikan tinggi dan rendah, liat juga persentase penduduk miskin nya. Faktor inilah yg dimanfaatkan, coba liat aja pilkada di Tegal sbg salah satu contohnya https://t.co/l5MSkshIIo","1862040462825267502","https://pbs.twimg.com/ext_tw_video_thumb/1862040436312866816/pu/img/S9wQiklvI4vX-U9h.jpg","gus_dibyo","in","","0","1","3","https://x.com/pudin69/status/1862040462825267502","140008012","pudin69"
"1862018415113936909","2024-11-28T07:00:01.000Z","0","@tekarok007 Heran aja masih pake stigma ginian buat ngatain Jateng,pdhal provinsi dengan jumlah penduduk miskin terbanyak adalah Jatim, sedangkan kalau berdasarkan persentase penduduk miskin maka nomer satu adl NTT","1862028656979460378","","tekarok007","in","","0","1","1","https://x.com/idoasberger/status/1862028656979460378","1500695994073157634","idoasberger"
"1860833314602676302","2024-11-25T00:45:57.000Z","101","@kompascom Pada tahun 2023, persentase penduduk miskin di Bengkulu sebesar 14,04%. Tingkat kemiskinan di Bengkulu hampir sama di pedesaan dan perkotaan. Udahlah provinsi mkskin di Sumatera . Dapat gubernur setan...  Selain bunga bangkai apa sih yg ada di bengkulu
 Ya pejabat kayak bangkee","1860847358592065608","","kompascom","in","","0","5","6","https://x.com/viqhani/status/1860847358592065608","1525319961555525632","viqhani"
"1859225404395212952","2024-11-20T13:20:54.000Z","0","Persentase penduduk miskin di Jateng lebih tinggi dibanding kondisi nasional yang sebesar 9,03 persen.

#debatpilgub #pilgubjateng #debatpilgubjateng #ahmadluthfi #kemiskinan #makanmurah #sekolahgratis #kesehatangratis","1859225406437822772","","lensaRTV","in","","0","0","0","https://x.com/lensaRTV/status/1859225406437822772","2393930923","lensaRTV"
"1854001971570860417","2024-11-06T03:24:50.000Z","0","[Mabar Asik Ep.34]🎮
Halo #SahabatData
Beberapa Indikator kunci yang dapat menggambarkan pembangunan daerah diantaranya pertumbuhan ekonomi, persentase penduduk miskin, persentase pengangguran, gini rasio, dan Indeks Pembangunan Manusia (IPM).

#MabarAsik yuk! https://t.co/aeyQOarAq2","1854001971570860417","https://pbs.twimg.com/media/Gbq8zA2bMAA4A_V.jpg","","in","","0","0","0","https://x.com/BPS_Kobar/status/1854001971570860417","3032362214","BPS_Kobar"
"1851430119006679121","2024-10-30T01:05:12.000Z","65","Berdasarkan data terbaru dari Badan Pusat Statistik (BPS), tingkat kemiskinan di Indonesia menunjukkan penurunan. Pada Maret 2024, persentase penduduk miskin turun menjadi 9,03%, dari 9,36% di tahun sebelumnya (Maret 2023). Secara keseluruhan, jumlah penduduk miskin pada Maret https://t.co/UYeUTmtFdk","1851430119006679121","https://pbs.twimg.com/media/GbGZyY-aEAAcFY4.jpg","","in","","0","121","0","https://x.com/dian_arifiya/status/1851430119006679121","859902793","dian_arifiya"
"1850753564697932022","2024-10-28T04:16:50.000Z","0","Berdasarkan data Badan Pusat Statistik (BPS), persentase penduduk miskin pada Maret 2024 sebesar 9,03 persen, menurun 0,33 persen poin terhadap Maret 2023 dan menurun 0,54 persen poin terhadap September 2022. 

Selengkapnya di sini⤵️
https://t.co/YcWkU1UjFI","1850753568195924477","","banten_pemprov","in","","0","0","0","https://x.com/banten_pemprov/status/1850753568195924477","1218018635362402304","banten_pemprov"
"1850753564697932022","2024-10-28T04:16:49.000Z","0","Pada periode Maret 2023-Maret 2024, tingkat kemiskinan di Indonesia mengalami penurunan baik dari sisi jumlah maupun persentase. 

Jumlah penduduk miskin di Indonesia pada Maret 2024 mencapai 25,22 juta orang. https://t.co/rUbptTJJ4A","1850753564697932022","https://pbs.twimg.com/media/Ga8yjkVbMAAok9O.jpg","","in","","0","1","0","https://x.com/banten_pemprov/status/1850753564697932022","1218018635362402304","banten_pemprov"
"1849507449411338727","2024-10-24T23:09:19.000Z","0","Badan Pusat Statistik Indonesia. (17 Juli 2024). Persentase Penduduk Miskin (P0) Menurut Provinsi dan Daerah. Diakses pada 25 Oktober 2024, dari https://t.co/369NewUbjU","1849589016871698738","","akageyma","in","","0","0","0","https://x.com/akageyma/status/1849589016871698738","1014546514331385858","akageyma"
"1848913160931250191","2024-10-23T02:23:43.000Z","1","Kabinet Merah Putih Prabowo Agar Waspada Soal Kondisi Ekonomi, Jangan Terlena 

Ekonom Fakultas Ekonomi dan Bisnis Universitas Indonesia (FEB UI), Teguh Dartanto memberikan  masukan untuk pemerintahan Prabowo Subianto-Gibran Rakabuming Raka untuk  menyiapkan langkah-langkah https://t.co/ZHbdAQvf0X","1848913160931250191","https://pbs.twimg.com/media/GaiolWJakAA7n4W.jpg","","in","","0","0","1","https://x.com/akuratco/status/1848913160931250191","786549338818224128","akuratco"
"1848226237120151963","2024-10-22T04:23:51.000Z","0","@JhonSitorus_18 @sayurteron @ganjarpranowo Provinsi gw jumlah penduduk miskin ya dikit, padahal termasuk provinsi miskin, ya karena penduduknya cuma sekelas kabupaten di Jawa. Kalo mau fair harus liat persentase nya donk.","1848581006661672976","","JhonSitorus_18","in","","0","0","0","https://x.com/Shankara_Q/status/1848581006661672976","15862149","Shankara_Q"
"1846704490365530134","2024-10-17T00:12:43.000Z","0","Berdasarkan data Badan Pusat Statistik (BPS), sejak 2014 persentase penduduk miskin ekstrem di Indonesia terus mengalami tren penurunan dari 6,18 persen menjadi 0,83 persen atau sekitar 2,3 juta orang per Maret 2024.","1846705867632398732","","economyforum_id","in","","0","1","0","https://x.com/economyforum_id/status/1846705867632398732","1753109805697536000","economyforum_id"
"1846521481305424118","2024-10-16T12:00:02.000Z","0","#Foto Persentase penduduk miskin Jakarta pada Maret 2024 sebesar 4,30%. Hal itu berdasarkan data Badan Pusat Statistik (BPS).

&gt;&gt; https://t.co/XdqDWJDtz2

Foto: Ari Saputra/detikFinance

#detikfinance #Kemiskinan #Jakarta https://t.co/4Giqyugtr2","1846521481305424118","https://pbs.twimg.com/media/GZ-6qD4b0AEfO3s.jpg","","in","","0","0","0","https://x.com/detikfinance/status/1846521481305424118","135795460","detikfinance"
"1845709827806265539","2024-10-14T06:14:49.000Z","0","Persentase penduduk miskin Jakarta pada Maret 2024 sebesar 4,30%. Hal itu berdasarkan data Badan Pusat Statistik (BPS). https://t.co/xnzllYn6wh","1845709827806265539","","","in","","0","0","0","https://x.com/detikfinance/status/1845709827806265539","135795460","detikfinance"
"1845126155499982986","2024-10-13T00:59:39.000Z","0","@huseinheikal Data darimana penduduk miskin Indon 9.03 %? Jgn terima muluk"" standar miskin itu di rendahkan oleh pemerintah, gw yakin lebih itu persentase nya.","1845268127514493370","","","in","","0","0","0","https://x.com/spidyyy26/status/1845268127514493370","1617775599749300229","spidyyy26"
"1843847026754322477","2024-10-10T23:55:25.000Z","0","@pousaylova6 @bersuwara Persentase penduduk miskin tertinggi di Jawa-Bali, bahkan lebih tinggi dari Jawa Tengah yg punya populasi 10x lipatnya 😭😭 https://t.co/cdtc4ToXxq","1844527185618759948","https://pbs.twimg.com/media/GZkTsxfaAAMRZUt.jpg","pousaylova6","in","","0","2","0","https://x.com/pisudesu/status/1844527185618759948","259769630","pisudesu"
"1844317055903731893","2024-10-10T10:00:26.000Z","0","Persentase penduduk miskin pada Maret 2024 sebesar 9,79 persen, menurun 0,56 persen poin terhadap Maret 2023. Jumlah penduduk miskin pada Maret 2024 sebesar 3,983 juta orang, menurun 0,206 juta orang terhadap Maret 2023. 

Berikut upaya Pemerintahan Jokowi dan hasilnya selama 10 https://t.co/ULccKjYR25","1844317055903731893","https://pbs.twimg.com/media/GZhUlWWXIAcfoRM.jpg","","in","","0","0","0","https://x.com/VIVAcoid/status/1844317055903731893","41730943","VIVAcoid"
"1843072471395954706","2024-10-06T23:34:54.000Z","0","Persentase penduduk miskin pada 2024 sebanyak 7,2 persen atau turun 0,3 persen dibandingkan 2023 yang saat itu 7,5 persen... https://t.co/c7CAqbNA9J","1843072471395954706","","","in","","0","0","0","https://x.com/antmegapolitan/status/1843072471395954706","3177962862","antmegapolitan"
"1842835283685044660","2024-10-06T07:52:24.000Z","0","Berdasarkan data BPS Solok Selatan, persentase penduduk miskin terus menurun setiap tahunnya sejak tahun 2019 lalu 

#solsel #solokselatan #sumbar https://t.co/UwLXgpwBCo","1842835283685044660","https://pbs.twimg.com/media/GZMQ6xVa4AAMAXT.jpg","","in","","0","0","1","https://x.com/solokselatankab/status/1842835283685044660","1455887049077112834","solokselatankab"
"1840743819522023742","2024-09-30T13:21:40.000Z","0","Persentase Penduduk Miskin di Paser 2024 Turun #BNetwork 
https://t.co/WzMrsGoOxm","1840743819522023742","","","in","","0","0","0","https://x.com/Beritasatu/status/1840743819522023742","154102750","Beritasatu"
"1838865756135821566","2024-09-25T08:58:58.000Z","2","Sulteng kaya akan sumber daya alam seperti emas, nikel, dan gas, justru menghadapi ironi besar. Berdasarkan data BPS, persentase penduduk miskin di provinsi ini pada Maret 2023 mencapai 12,41 persen, meningkat dari 12,3 persen pada September 2022. https://t.co/DHarGJ9ZQ3","1838865768861114686","https://pbs.twimg.com/media/GYT2q4vbQAAfkHk.jpg","misterdetektif","in","","0","1","0","https://x.com/misterdetektif/status/1838865768861114686","889895805611409408","misterdetektif"
"1838821532547846511","2024-09-25T06:03:11.000Z","2","Ekonom: Jokowi Gagal Capai Target Pengentasan Kemiskinan Selama Dua Periode

Tingkat kemiskinan atau persentase penduduk miskin diproyeksikan menurun tiap tahun pada Rencana Pembangunan Jangka Menengah Nasional (RPJMN) 2015-2019, yang ditetapkan Jokowi pada awal pemerintahannya. https://t.co/omgdmARvG0","1838821532547846511","https://pbs.twimg.com/media/GYTOavSbAAAwbBx.jpg","","in","","0","0","1","https://x.com/akuratco/status/1838821532547846511","786549338818224128","akuratco"
"1838131321551610279","2024-09-23T08:20:32.000Z","48","Daerah Istimewa Yogyakarta (DIY) diketahui menjadi provinsi dengan persentase penduduk miskin terbanyak di Pulau Jawa menurut data Badan Pusat Statistik (BPS) per Maret 2024 yaitu sebesar 10,83%. Meski demikian, salah satu kota yang ada di DIY, Kota Yogyakarta, ternyata memiliki https://t.co/0tAUYPbNlq","1838131321551610279","https://pbs.twimg.com/media/GYJasINagAAaYyo.jpg","","in","","4","13","19","https://x.com/merapi_uncover/status/1838131321551610279","1279804428724211712","merapi_uncover"
"1838043608114769984","2024-09-23T02:32:00.000Z","0","Data menunjukkan bahwa persentase penduduk miskin di Lampung mengalami penurunan dari tahun 2022 hingga 2024. Pada tahun 2022, persentase penduduk miskin tercatat sebesar 11,57%, menurun menjadi 11,11% pada tahun 2023, dan terus menurun menjadi 10,69% pada tahun 2024.

#cintadata https://t.co/teB3CW47Jn","1838043608114769984","https://pbs.twimg.com/media/GYIKsCGaEAAwv7n.jpg","","in","","0","0","0","https://x.com/bpsprovlampung/status/1838043608114769984","1338130651","bpsprovlampung"
"1837749398924939676","2024-09-22T10:58:21.000Z","1","@merapi_uncover Ketika jakarta menempati posisi paling bawah persentase penduduk miskin nya, saya kaget 😅","1837808648577503605","","merapi_uncover","in","","0","0","0","https://x.com/Goncek/status/1837808648577503605","490369116","Goncek"
"1837749398924939676","2024-09-22T07:02:55.000Z","694","Jogja istimewa (?) 🤔

YouTuber IShowSpeed mendapatkan sambutan yang tidak kondusif dan cenderung rusuh dari masyarakat saat berkunjung ke Provinsi Daerah Istimewa Yogyakarta (DIY) pada Sabtu (21/9/2024). Bahkan, dikabarkan ada beberapa pedagang yang harus mengalami kerusakan https://t.co/oKkn3wBCgL","1837749398924939676","https://pbs.twimg.com/media/GYD_VixbQAAg8vp.jpg","","in","","34","119","98","https://x.com/merapi_uncover/status/1837749398924939676","1279804428724211712","merapi_uncover"
"1836252538393497737","2024-09-18T03:54:55.000Z","0","Persentase penduduk miskin di Kabupaten Trenggalek juga mengalami penurunan dari 10,63 persen pada bulan Maret 2023 menjadi sebesar 10,50 persen pada bulan Maret 2024.

https://t.co/zh5Y4Tuti6","1836252538393497737","","","in","","0","0","0","https://x.com/SuaraTrenggalek/status/1836252538393497737","1831931576034455555","SuaraTrenggalek"
"1835439764360819114","2024-09-15T22:05:15.000Z","1","dan perkembangan penduduk miskin di Indonesia Indikatorindikator tersebut antara lain jumlah dan persentase penduduk miskin serta berbagai karakteristik kemiskinan lainnya yang terbanding antar waktu dan antar wilayah","1835439764360819114","","","in","","0","0","0","https://x.com/hendriansyahbn2/status/1835439764360819114","1627923336801157120","hendriansyahbn2"
"1834915168737771615","2024-09-14T11:20:41.000Z","6","Dari tahun 2004 hingga 2024, persentase penduduk miskin di Indonesia menunjukkan tren penurunan yg signifikan.

Gimana, apa kamu optimis tingkat kemiskinan di Indonesia bakal terus turun ke depannya?

#goodstats #literasidata #tingkatkemiskinan #kemiskinan #indonesia https://t.co/YbNPxTLbAU","1834915168737771615","https://pbs.twimg.com/media/GXbtnWZbwAMljA5.jpg","","in","","0","2","3","https://x.com/GoodStatsid/status/1834915168737771615","1455891922300456968","GoodStatsid"
"1834539062465646939","2024-09-13T10:34:50.000Z","49","Faktanya, Gunung Kidul merupakan salah satu daerah termiskin di Indonesia. Tingkat kemiskinan berkisar 15-17 persen atau hampir dua kali lipat dibanding persentase penduduk miskin secara nasional yang kini berkutat di angka 9 persen.","1834541240836403269","","creepylogy_","in","","0","1","1","https://x.com/creepylogy_/status/1834541240836403269","1435352562123763719","creepylogy_"
"1834154288962306378","2024-09-12T08:57:14.000Z","0","Persentase penduduk miskin Kabupaten Wonogiri pada Maret 2024 sebesar 10,71 persen, mengalami penurunan, yaitu 0,23 persen poin dibanding Maret 2023. https://t.co/CWsaXwr4cc","1834154288962306378","https://pbs.twimg.com/media/GXQ5gSubgAISW6V.jpg","","in","","0","1","0","https://x.com/bpskabwonogiri/status/1834154288962306378","969474609962561536","bpskabwonogiri"
"1834141114632388640","2024-09-12T08:04:53.000Z","0","#Sedulursalatiga, Indikator Data Kemiskinan Tahun 2024 tlh rilis. Dg nilai Presentase Penduduk Miskin sebesar 4,57% menjadikan Kota Salatiga menjadi kota dg persentase penduduk miskin kedua terendah di Jateng.

Informasi lengkap jangan lupa kunjungi https://t.co/NOvicekqGT https://t.co/fGthypSFQD","1834141114632388640","https://pbs.twimg.com/media/GXQq0gkbgAAxF9p.jpg","","in","","0","0","0","https://x.com/PemkotSalatiga/status/1834141114632388640","825945728858021889","PemkotSalatiga"
"1834076181668176316","2024-09-12T03:46:51.000Z","0","Tingkat kemiskinan di Bali terus mengalami penurunan signifikan. Berdasarkan data Badan Pusat Statistik (BPS) Provinsi Bali, persentase penduduk miskin di Bali pada Maret 2024 tercatat sebesar 4,00 persen.
https://t.co/3r0UcXp4Cl","1834076181668176316","","","in","","0","0","0","https://x.com/nusabalicom/status/1834076181668176316","2655442453","nusabalicom"
"1829134405861880075","2024-08-29T12:30:00.000Z","0","Badan Pusat Statistik mencatat persentase penduduk miskin ekstrem paling banyak merupakan orang dengan status bekerja. BPS memberikan rekomendasi kebijakan agar bisa meningkatkan kualitas pekerjaan, skala usaha, hingga penyesuaian upah buruh. https://t.co/ns6OyEQkD6 https://t.co/LVzmUnY0es","1829134405861880075","https://pbs.twimg.com/amplify_video_thumb/1828330916445663233/img/NCTXbttWS0wzvhRL.jpg","","in","","1","0","0","https://x.com/CNNIDdaily/status/1829134405861880075","3306771829","CNNIDdaily"
"1829065629133091012","2024-08-29T07:56:43.000Z","0","#Repost @semarangpemkot
・・・
Halo Sedulur Semarang!

Perlu kita ketahui bahwa Kota Semarang berhasil menjadi kota dengan persentase penduduk kategori miskin terendah se-Jawa Tengah dengan nilai 4,03% pada tahun 2024 ini.  Nah jika kita bandingkan dengan tahun 2023, Persentase https://t.co/ZMKnbxOihc","1829065629133091012","https://pbs.twimg.com/media/GWIle56WgAAL9tu.jpg","","in","","0","1","0","https://x.com/kecsmgutara/status/1829065629133091012","987151956043952128","kecsmgutara"
"1828336663426388154","2024-08-27T07:40:04.000Z","0","Hallo #SahabatData

Mari kita simak Profil kemiskinan di Kabupaten Mamasa Tahun 2024.  Melalui infografis di atas, sahabat data dapat mengetahui gambaran mengenai perubahan garis kemiskinan, persentase dan jumlah penduduk miskin di wilayah tersebut.

#7603 #bpsmamasa #kemiskinan https://t.co/OgnLw4qRF9","1828336663426388154","https://pbs.twimg.com/media/GV-OgRDaoAI_BVp.jpg","","in","","0","0","0","https://x.com/bps7603mamasa/status/1828336663426388154","1719136839813287936","bps7603mamasa"
"1824712605484847439","2024-08-17T07:41:03.000Z","0","Persentase penduduk miskin turun dari 10,77% pada Maret 2023, menjadi 10,47% pada Maret 2024. Angka kemiskinan ekstrem juga turun, dari 1,97% di tahun 2022 menjadi 1,11% pada 2023. https://t.co/rL0nLR2HSP","1824713032037175808","https://pbs.twimg.com/media/GVKu1Lzb0AA7z_q.jpg","komdigi_jateng","in","","0","1","0","https://x.com/komdigi_jateng/status/1824713032037175808","819065767463292928","komdigi_jateng"
"1823968514937684041","2024-08-15T06:22:36.000Z","0","Luar biasa. Sementara itu, ""Persentase penduduk miskin ekstrem Indonesia pada Maret 2024 sebesar 0,83 persen, berhasil turun 0,29 persen poin terhadap Maret 2023 sebesar 1,12 persen.""
https://t.co/NDJdBAoUrj.","1823968514937684041","","","in","","0","0","0","https://x.com/J_a2y0/status/1823968514937684041","239712409","J_a2y0"
"1823334158611169378","2024-08-13T12:21:54.000Z","0","mereka tu apa² bayar... bukan iri jg ya, tpi feedback yg didapet tuh apa? kaga ada anjir, yg ada semua makin naik... mereka makin terdesak. setauku ada berita/data yg menyebutkan bahwa persentase penduduk miskin nya naik kan? banyak org menengah yang turun kelas.","1823334161328861458","","kmjeongsgf","in","","0","0","0","https://x.com/kmjeongsgf/status/1823334161328861458","1553693089512194049","kmjeongsgf"
"1822889170743804346","2024-08-12T06:53:40.000Z","1","Badan Pusat Statistik Kota Surakarta telah merilis Berita Resmi Statistik Kemiskinan Kota Surakarta Tahun 2024. Persentase penduduk miskin tahun 2024 sebesar 8,31 persen, turun 0,13 persen dibandingkan tahun 2023. Jumlah penduduk miskin tahun 2024 sebanyak 43,28 ribu orang. https://t.co/Eiri6u4NEK","1822889170743804346","https://pbs.twimg.com/media/GUwz2iKaIAAtsiU.jpg","","in","","0","1","1","https://x.com/PEMKOT_SOLO/status/1822889170743804346","3347793914","PEMKOT_SOLO"
"1821820673083519191","2024-08-09T08:07:50.000Z","4","BPS Kab. Deli Serdang merilis data kemiskinan 2024. Persentase penduduk miskin sebesar 3,44% Tahun 2024. Meski menurun, kemiskinan tetap jadi perhatian utama. Upaya peningkatan kesejahteraan harus terus ditingkatkan dengan kerjasama semua pihak. Bersama menuju masa depan cerah 🌞 https://t.co/Xplp1ACTNF","1821820673083519191","https://pbs.twimg.com/media/GUhoGrZaEAAWF1N.png","","in","","0","1","0","https://x.com/bps_deliserdang/status/1821820673083519191","1042228474151362560","bps_deliserdang"
"1820380761037656437","2024-08-05T08:46:16.000Z","0","Ditambahkan, berdasarkan data Badan Pusat Statistik (BPS) Jawa Tengah, persentase penduduk miskin di Jawa Tengah pada Maret 2024 mencapai 10,47%, atau sebanyak 3,70 juta orang. Angka itu turun 0,30% dibanding periode sebelumnya pada Maret 2023, yang sebanyak 3,79 juta orang. https://t.co/MQh8aVRpd9","1820380790015856768","https://pbs.twimg.com/media/GUNKrGRWoAACo_8.jpg","komdigi_jateng","in","","0","1","0","https://x.com/komdigi_jateng/status/1820380790015856768","819065767463292928","komdigi_jateng"
"1820380770873315727","2024-08-05T08:46:11.000Z","2","Berdasarkan data dari BPS, Maret 2024, Persentase Penduduk Miskin Provinsi Kepulauan Bangka Belitung peringkat ke-4 Terendah Nasional, setelah Provinsi Bali, Kalimantan Selatan dan DKI Jakarta.

#babelsemakincakapdigital https://t.co/sb0y3g0GQc","1820380770873315727","https://pbs.twimg.com/media/GUNKqK5asAAGkqS.jpg","","in","","0","0","0","https://x.com/pemprovkepbabel/status/1820380770873315727","844168182864592896","pemprovkepbabel"
"1820079143830331694","2024-08-04T12:47:37.000Z","1","Halo #SahabatStatistik..
Tanggal 31 Juli 2024 BPS Kabupaten Pati telah merilis angka kemiskinan Kab Pati tahun 2024.

Pada Maret 2024, tercatat bahwa persentase penduduk miskin di Kab Pati sebesar 9,17 persen atau turun sebesar 0,14 poin dari posisi Maret 2023 sebesar 9,31 persen https://t.co/f5fiytX7uh","1820079143830331694","https://pbs.twimg.com/ext_tw_video_thumb/1820078981971914752/pu/img/86jnSmGSVJGQqBi8.jpg","","in","","0","0","0","https://x.com/bpskabpati/status/1820079143830331694","1679386684096651264","bpskabpati"
"1818953344926502914","2024-08-01T10:14:06.000Z","0","Persentase Penduduk Miskin di Solo Lebih Rendah Ketimbang Jawa Tengah https://t.co/OCHxXYBxp4 https://t.co/Nv67F4TaS0","1818953344926502914","https://pbs.twimg.com/media/GT44bbwaIAA0D7M.jpg","","in","","0","0","0","https://x.com/soloposdotcom/status/1818953344926502914","155169715","soloposdotcom"
"1818894458244809014","2024-08-01T06:20:06.000Z","0","Jumlah penduduk miskin per-Maret 2024 sebesar 8,40 persen (ekuivalen dengan 33,49 ribu jiwa). Kondisi itu menunjukan menurun 0,5 poin, dibandingkan persentase jumlah penduduk miskin per-Maret 2023 sebesar 8,90 persen.
#merangin
#jambi https://t.co/b22ddm0y2W","1818894458244809014","https://pbs.twimg.com/ext_tw_video_thumb/1818894285883723776/pu/img/LyWmZ70rxPyul3K1.jpg","","in","","0","0","0","https://x.com/kominfomerangin/status/1818894458244809014","1216916262208409600","kominfomerangin"
"1817918486007718370","2024-07-29T13:46:58.000Z","0","Persentase penduduk miskin pada Maret 2024 sebesar 14,02 persen, mengalami penurunan 0,15 persen poin dibanding Maret 2023.

Pada Tahun 2024, Jumlah penduduk miskin Jawa Tengah berkurang 87,17 ribu orang dan angka kemiskinannya turun 0,30 persen poin.","1817919752066703610","","bps_kab_rembang","in","","0","0","0","https://x.com/bps_kab_rembang/status/1817919752066703610","852677804516753409","bps_kab_rembang"
"1817214377680138295","2024-07-27T15:04:04.000Z","0","Persentase penduduk miskin di wilayah Kabupaten Lumajang turun, dari 8,93 persen pada Maret 2023 menjadi 8,65 persen pada Maret 2024. https://t.co/nsTAV2XNJu #Lumajang","1817214377680138295","","","in","","0","0","0","https://x.com/ngopibareng_id/status/1817214377680138295","1291246080269545472","ngopibareng_id"
"1817016145112949200","2024-07-27T01:56:22.000Z","1","Pemerintah Kota Palembang masih menyimpan banyak pekerjaan rumah dalam mengentaskan angka kemiskinan. Apalagi pemerintah pusat menarget setiap wilayah harus menekan persentase warga miskin hingga 1% dari jumlah total penduduk daerah.

#IDNTimesSumsel

https://t.co/OekepkMNnd https://t.co/bWXvdM2Smz","1817016145112949200","https://pbs.twimg.com/media/GTdWjMpaAAAvlTx.jpg","","in","","0","0","1","https://x.com/IDNTimesSumsel/status/1817016145112949200","1318860486759182336","IDNTimesSumsel"
"1816355439447269875","2024-07-25T06:11:25.000Z","0","Kabupaten Rembang mencatatkan  persentase penduduk miskin atau yang biasa disebut Angka Kemiskinan Maret 2024 sebesar 14,02 persen, turun sebesar 0,15 persen poin dari semula 14,17 persen.","1816355556313198595","","bps_kab_rembang","in","","0","0","0","https://x.com/bps_kab_rembang/status/1816355556313198595","852677804516753409","bps_kab_rembang"
"1816302985074598291","2024-07-25T02:42:31.000Z","0","Persentase penduduk miskin kabupaten Lombok Timur berdasarkan data BPS pada Maret 2024 turun signifikan 1,12% menjadi 14,51%. Tahun 2023 lalu angka kemiskinan Lotim 15,63%.
https://t.co/k2u2PnN4Bf","1816302985074598291","","","in","","0","0","0","https://x.com/humasprolotim/status/1816302985074598291","1059251534070919168","humasprolotim"
"1816041557583356195","2024-07-24T09:23:42.000Z","0","Dari hasil Survei Sosial Ekonomi Nasional (Susenas) Maret 2024, jumlah penduduk miskin di Kabupaten Semarang sebanyak 76,87 ribu jiwa. 
Persentase penduduk miskin pada periode ini tercatat sebesar 6,96 persen, menurun 0,21 persen poin jika dibandingkan Maret 2023. https://t.co/7oI9EFFqoL","1816041557583356195","https://pbs.twimg.com/media/GTPgKyzakAApQdQ.jpg","","in","","0","0","0","https://x.com/BpsSemarang/status/1816041557583356195","1023792919830966272","BpsSemarang"
"1815924847635226682","2024-07-24T01:39:56.000Z","0","Sahabat Data,

Persentase penduduk miskin Kota Magelang di tahun 2024 (Maret) sebesar 5,94% turun 0,17 persen poin dibandingkan angka di tahun 2023 yang berada di 6,11%. Dengan capaian ini Kota Magelang merupakan wilayah dengan penduduk miskin terendah ke-3 di Jateng. https://t.co/G7JePRwYRz","1815924847635226682","https://pbs.twimg.com/media/GTN13ZvbMAA9lKu.jpg","","in","","0","0","0","https://x.com/datagodatago/status/1815924847635226682","3866735772","datagodatago"
"1815292306444202069","2024-07-22T07:46:27.000Z","0","BERHASIL TURUNKAN ANGKA KEMISIKINAN MENCAPAI 1 DIGIT DI TAHUN 2024, BUPATI TARGETKAN HILANGKAN PERSENTASE PENDUDUK MISKIN EKSTREM https://t.co/1szEoLCokB","1815292306444202069","https://pbs.twimg.com/media/GTE2urvasAAxg14.jpg","","in","","0","0","0","https://x.com/PemkabOKUS/status/1815292306444202069","1161996953229516800","PemkabOKUS"
"1814549137687523559","2024-07-20T10:34:08.000Z","0","@LokalPendaki WAH WAH WAH  tingkat kepuasan ke pemerintahan 75% ,persentase penduduk miskin pada menurun 9,03 persen pada 2024 , Gini ratio masih 0,379

Rakyat pasti Sejahtera donggg ,ga mungkin terjadi ini","1814609729651630179","","LokalPendaki","in","","0","0","0","https://x.com/xdharmawigunax/status/1814609729651630179","235048794","xdharmawigunax"
"1814472596425265597","2024-07-20T01:29:12.000Z","1","Halo #SahabatData,

Tahukah kalian apa makna persentase penduduk miskin Kabupaten Rembang tahun 2023 sebesar 14,17%? Darimanakah angka persentase penduduk niskin didapatkan?
Nah lewat videografi kali ini, https://t.co/wCc2SkdEZM","1814472596425265597","https://pbs.twimg.com/ext_tw_video_thumb/1814472336860688384/pu/img/vWxgGWz2cQvIXrXy.jpg","","in","","0","4","0","https://x.com/bps_kab_rembang/status/1814472596425265597","852677804516753409","bps_kab_rembang"
"1814110129018822779","2024-07-19T01:28:53.000Z","1","Persentase penduduk miskin di Jateng mulai menunjukan angka penurunan. Tercatat, Maret 2023-Maret 2024 turun sebanyak 0,30%. Hal ini karena berbagai upaya yang sudah dilakukan Pemprov Jateng dalam penanggulangan kemiskinan. 

Kira-kira apa aja ya upaya nya? 🤔

#jawatengah https://t.co/9wCSdP9DCk","1814110129018822779","https://pbs.twimg.com/ext_tw_video_thumb/1814109512288325632/pu/img/JuzwHqSdmAfd__An.jpg","","in","","0","0","0","https://x.com/humasjateng/status/1814110129018822779","2276246437","humasjateng"
"1813569142886486138","2024-07-17T13:39:54.000Z","0","Okeeeyy, jadi dari hasil pendataan Susenas Maret 2024 persentase penduduk miskin Kabupaten Mojokerto 2024 ialah sebesar 9,37 persen lho, angka ini menunjukkan penurunan kemiskinan dibandingkan 2023 yang sebesar 9,8 persen...","1813569318594163149","","bpsmojokerto","in","","0","1","0","https://x.com/bpsmojokerto/status/1813569318594163149","1041505586808991744","bpsmojokerto"
"1813130690919342184","2024-07-16T08:36:58.000Z","2","Kemiskinan di Banten masih menjadi masalah serius. Pada Maret 2024, persentase penduduk miskin mencapai 5,84%, meskipun ada penurunan dari tahun sebelumnya. Sebagian besar penduduk miskin Banten berada di perkotaan dengan 5,69% dan di perdesaan 6,44%. 

https://t.co/SmocuI78pm","1813130693222015245","","bung_madin","in","","0","1","2","https://x.com/bung_madin/status/1813130693222015245","1632328794228011009","bung_madin"
"1812741720012120344","2024-07-15T15:37:40.000Z","1","@reezalIl @ObiWan_Catnobi (ki): sumbu Y-nya sebelah kiri = populasi penduduk miskin dan rentan dalam satuan juta jiwa di tiap tahunnya
(ka): sumbu Y-nya sebelah kanan = persentase proporsi penduduk miskin dan rentan tiap tahunnya","1812874177017422122","","reezalIl","in","","0","1","1","https://x.com/qaz88mlp/status/1812874177017422122","1228246483138297857","qaz88mlp"
"1811268614798069979","2024-07-11T05:17:44.000Z","0","Riau Urutan Ketujuh Persentase Jumlah Penduduk Miskin Terbanyak se Sumatera, Kalah dengan Sumbar https://t.co/Csc2wCKihs https://t.co/H5oj72vpGB","1811268614798069979","https://pbs.twimg.com/media/GSLrNQFagAA2o4D.jpg","","in","","0","0","0","https://x.com/_ilc_Ramli/status/1811268614798069979","1386482892","_ilc_Ramli"
"1810935066102747513","2024-07-10T07:12:19.000Z","0","Halo Sedulur, ada Kabar Baik untuk Warga D.I. Yogyakarta!

Persentase penduduk miskin di D.I. Yogyakarta pada Maret 2024 turun menjadi 10,83%. Turun 0,21 poin persen dibanding Maret 2023, dan 0,66 poin persen dibanding September 2022. https://t.co/cav7zVCaFU","1810935066102747513","https://pbs.twimg.com/media/GSG6-AZaUAUe3sp.jpg","","in","","0","1","0","https://x.com/kominfodiy/status/1810935066102747513","755673247660650497","kominfodiy"
"1810890581092225416","2024-07-10T04:15:33.000Z","0","Untuk pertama kalinya Persentase Penduduk Miskin Provinsi Gorontalo dibawah 15%! Secara persentase, angkanya terus berkurang setiap tahunnya. Pada Maret 2024 ini, persentase penduduk miskin di Gorontalo sebesar 14,57%, yang turun 0,58% dari Maret 2023.

#CintaData
#BPSGorontalo https://t.co/rb9pJQwpFr","1810890581092225416","https://pbs.twimg.com/media/GSGTYZzaYAAKUnp.jpg","","in","","0","0","0","https://x.com/bps_gorontalo/status/1810890581092225416","1755092087052316672","bps_gorontalo"
"1809921781291209051","2024-07-07T12:05:54.000Z","0","Inilah 10 Provinsi dengan Persentase Penduduk Miskin Terbanyak di  Indonesia, NTT Menempati Juara ke 4 https://t.co/SIK750D2Gd","1809921781291209051","","","in","","0","0","0","https://x.com/GNafanu/status/1809921781291209051","1584100692083773440","GNafanu"
"1808865593233395874","2024-07-04T14:08:59.000Z","0","Persentase jumlah penduduk miskin di Aceh menurun

 #KemiskinandiAceh #pendudukmiskindiAceh #popularitascom
https://t.co/oh5EXTpSgs","1808865593233395874","","","in","","0","0","0","https://x.com/Popularitascom/status/1808865593233395874","854747465202806784","Popularitascom"
"1808852802585965048","2024-07-04T13:18:09.000Z","1","BPS catat persentase penduduk miskin di Provinsi Gorontalo pada bulan Maret 2024 yaitu 14,57 persen, menurun 0,58 persen dari bulan Maret 2023.

https://t.co/PksrFCRmyy","1808852802585965048","","","in","","0","0","0","https://x.com/antaranews/status/1808852802585965048","18071520","antaranews"
"1808746961081880654","2024-07-04T06:17:35.000Z","0","Berdasarkan data Susenas Maret 2024, persentase angka penduduk miskin di Sulawesi Utara adalah 7,25 persen, lebih kecil dari angka nasional yang mencapai 9,03 persen. #publisherstory #manadobacirita https://t.co/1ETZLh80xF","1808746961081880654","","","in","","0","1","0","https://x.com/kumparan/status/1808746961081880654","759692754985242625","kumparan"
"1808412512905580827","2024-07-03T08:08:36.000Z","0","Persentase Penduduk Miskin DIY Paling Tinggi di Pulau Jawa, Ini Penjelasan Pemda dan DPRD https://t.co/1PhQ7LNzU5 #beritajogja #jogja #jogjaistimewa https://t.co/Shly1p8E9e","1808412512905580827","https://pbs.twimg.com/media/GRjFmO-b0AMelU2.jpg","","in","","0","0","0","https://x.com/Harian_Jogja/status/1808412512905580827","118371948","Harian_Jogja"
"1808359979214426297","2024-07-03T04:39:51.000Z","0","Data Sebaran Persentase Penduduk Miskin di Indonesia pada Maret 2024 https://t.co/DryAtd1xzK https://t.co/fiptrCNUpL","1808359979214426297","https://pbs.twimg.com/media/GRiV0Mab0AECZEy.png","","in","","0","0","0","https://x.com/DataindonesiaId/status/1808359979214426297","1405348002101792772","DataindonesiaId"
"1808111514584600836","2024-07-02T12:28:16.000Z","0","Sementara itu, persentase penduduk miskin Jawa Tengah pada Maret 2024 sebesar 10,47 persen, turun 0,30 persen dibanding Maret 2023. 

Rilis Indikator Strategis Provinsi Jawa Tengah kali ini istimewa karena dihadiri langsung oleh Penjabat (Pj) Gubernur Jawa Tengah, Nana Sudjana.","1808115471964950975","","bpsprovjateng","in","","0","1","0","https://x.com/bpsprovjateng/status/1808115471964950975","700923330681909249","bpsprovjateng"
"1808111514584600836","2024-07-02T12:28:03.000Z","0","Sementara itu, persentase penduduk miskin Jawa Tengah pada Maret 2024 sebesar 10,47 persen, turun 0,30 persen dibanding Maret 2023. 

Rilis Indikator Strategis Provinsi Jawa Tengah kali ini istimewa karena dihadiri langsung oleh Penjabat (Pj) Gubernur Jawa Tengah, Nana Sudjana.","1808115417871000063","","bpsprovjateng","in","","0","1","0","https://x.com/bpsprovjateng/status/1808115417871000063","700923330681909249","bpsprovjateng"
"1808108869811687735","2024-07-02T12:02:02.000Z","0","Berdasarkan rilis yang dikeluarkan Badan Pusat Statistik (BPS), persentase penduduk miskin di Sulbar 2024 mengalami penurunan dibandingkan tahun sebelumnya. #bps #pendudukmiskin #sulbar  
 https://t.co/gvPGf2dOeA","1808108869811687735","","","in","","0","0","0","https://x.com/heralddotID/status/1808108869811687735","1698580133068865536","heralddotID"
"1808073655299235871","2024-07-02T09:42:06.000Z","0","Persentase Penduduk Miskin Sulsel Tahun ini Harus di Bawah 8%, Begini Strateginya https://t.co/rpDa9LkKUd https://t.co/it4MjF6utF","1808073655299235871","https://pbs.twimg.com/media/GReRaIvb0AA5RKl.jpg","","in","","0","2","0","https://x.com/Bisniscom/status/1808073655299235871","118646322","Bisniscom"
"1807995595061449131","2024-07-02T04:31:55.000Z","0","Badan Pusat  Statistik (BPS) mengumumkan tingkat kemiskinan di Indonesia menurun  menjadi 9,03 persen atau setara dengan 25,22 juta orang pada Maret 2024.

Jumlah  penduduk miskin pada Maret 2024 menurun 0,68 juta orang dibandingkan  Maret 2023, dan menurun 1,14 juta orang https://t.co/8LETHu7fcb","1807995595061449131","https://pbs.twimg.com/media/GRdKSiIb0AArqRb.png","","in","","0","0","0","https://x.com/akuratco/status/1807995595061449131","786549338818224128","akuratco"
"1807957054273081755","2024-07-02T01:58:46.000Z","0","Data BPS, Persentase Penduduk Miskin Menurun di Jabar https://t.co/ZHLcHFtENt","1807957054273081755","","","in","","0","0","0","https://x.com/Rhakkan09/status/1807957054273081755","600041975","Rhakkan09"
"1870356468626829575","2024-12-21T06:31:46.000Z","0","kayak gini cuma 1 dari sepersekian ribu atau ratusan ribu. faktor hoki. there's a reason why persentase penduduk miskin di indonesia masih 9,03%","1870356468626829575","","","in","","0","0","0","https://x.com/cruisinglewy/status/1870356468626829575","1015189881281130497","cruisinglewy"
"1869320695056077052","2024-12-18T09:55:59.000Z","1","Persentase penduduk miskin =&gt; indikator.
DTKS &amp; Regsosek =&gt; database.

Sejauh ini, untuk urusan bantuan sosial, kita masih bergantung sama database yang penyusunannya bergantung pada konsen atau pelaporan kepala satuan setempat. Gak ada urusannya sama World Bank.","1869320698046587211","","nonparametriek","in","","0","1","0","https://x.com/nonparametriek/status/1869320698046587211","1079052462","nonparametriek"
"1869178597963169833","2024-12-18T00:31:20.000Z","0","Indonesia standar/garis kemiskinannya aja kalah dan gak update demi data yang bagus
Orang yang hanya mampu ngeluarin duit 20k sehari udah nggak dianggap miskin di Indonesia

https://t.co/TA1mu3ieGu 

https://t.co/Ck2EWdQnQj https://t.co/5S1Xvg0zuH","1869178597963169833","https://pbs.twimg.com/media/GfCoBDFbkAAiIau.jpg","","in","","0","1","0","https://x.com/ashaabull/status/1869178597963169833","1073866854899212288","ashaabull"
"1867919826792091783","2024-12-14T13:09:25.000Z","21","Kepulauan Meranti merupakan kabupaten dengan persentase penduduk miskin tertinggi di Pulau Sumatera, di mana pada tahun 2022 sebesar 23,84% lalu pada tahun 2023 sempat turun menjadi 22,98% dan pada tahun 2024 kembali meningkat menjadi 23,15% https://t.co/l83r9Dq30j","1867919826792091783","https://pbs.twimg.com/media/GewvLpubgAAiQQe.jpg","","in","","0","1","2","https://x.com/maqdisasha/status/1867919826792091783","3017267964","maqdisasha"
"1866333903029768465","2024-12-10T05:23:43.000Z","35","@anshory72 Angka Garis Kemiskinan Indonesia 2024 Rp 582.932 Mas

Angka di gambar yg Mas shared unt thn 2017

https://t.co/1ZHwvpdI5J","1866353077412049217","","anshory72","in","","1","3","1","https://x.com/MaliminRinaldi/status/1866353077412049217","4597496354","MaliminRinaldi"
"1862677177940287609","2024-11-30T02:05:05.000Z","0","Kemisinan di Banten Mengalami Penurunan, mengamati data terkini, Persentase penduduk miskin di Provinsi Banten pada Maret 2024 tercatat sebesar 5,84%, menurun 0,33 persentase dari periode sebelumnya, dibulan Maret 2023 yang mencapai 6,17%
#Ekonomi
#Banten https://t.co/dyZaPxF3v5","1862679212777513473","https://pbs.twimg.com/media/GdmQcNaW4AAL_HT.jpg","mraldy13","in","","0","0","0","https://x.com/mraldy13/status/1862679212777513473","1356456322716286976","mraldy13"
"1861692538916405335","2024-11-28T23:18:07.000Z","2","@indrasbitchhere propinsi paling banyak orang miskinnya Jatim,propinsi persentase penduduk miskin terbanyak adl NTT!BUKAN JATENG!elu masih kemakan rethorika anti PDIP dengan ngambil sample Jateng,SBY dari Jatim bukan Jateng,Suharto dari Jogja,Sukarno Surabaya,Gusdur Jatim,Habibi Sulsel!","1862274804981932383","","indrasbitchhere","in","","0","0","1","https://x.com/idoasberger/status/1862274804981932383","1500695994073157634","idoasberger"
"1861778550648635759","2024-11-28T10:16:24.000Z","0","@dusrimulya Tahun 2024 malah naik peringkat ke 4.
Sumber: https://t.co/LWxgE8Quce https://t.co/tqP4oMgmF1","1862078080342458770","https://pbs.twimg.com/media/GdduBoDaYAEhOAu.png","fiansyah1_fian","in","","0","0","0","https://x.com/fiansyah1_fian/status/1862078080342458770","567850598","fiansyah1_fian"
"1861756752783614272","2024-11-28T07:46:56.000Z","5","@gus_dibyo Coba aja liat statistik nya berapa persen yg berpendidikan tinggi dan rendah, liat juga persentase penduduk miskin nya. Faktor inilah yg dimanfaatkan, coba liat aja pilkada di Tegal sbg salah satu contohnya https://t.co/l5MSkshIIo","1862040462825267502","https://pbs.twimg.com/ext_tw_video_thumb/1862040436312866816/pu/img/S9wQiklvI4vX-U9h.jpg","gus_dibyo","in","","0","1","3","https://x.com/pudin69/status/1862040462825267502","140008012","pudin69"
"1861952569540858124","2024-11-28T07:14:54.000Z","1","@wiariutami @Piyusaja2 ya dari BPS

https://t.co/LWxgE8Quce","1862032402790613286","","wiariutami","in","","0","0","0","https://x.com/fiansyah1_fian/status/1862032402790613286","567850598","fiansyah1_fian"
"1862018415113936909","2024-11-28T07:00:01.000Z","0","@tekarok007 Heran aja masih pake stigma ginian buat ngatain Jateng,pdhal provinsi dengan jumlah penduduk miskin terbanyak adalah Jatim, sedangkan kalau berdasarkan persentase penduduk miskin maka nomer satu adl NTT","1862028656979460378","","tekarok007","in","","0","1","1","https://x.com/idoasberger/status/1862028656979460378","1500695994073157634","idoasberger"
"1860833314602676302","2024-11-25T00:45:57.000Z","101","@kompascom Pada tahun 2023, persentase penduduk miskin di Bengkulu sebesar 14,04%. Tingkat kemiskinan di Bengkulu hampir sama di pedesaan dan perkotaan. Udahlah provinsi mkskin di Sumatera . Dapat gubernur setan...  Selain bunga bangkai apa sih yg ada di bengkulu
 Ya pejabat kayak bangkee","1860847358592065608","","kompascom","in","","0","5","6","https://x.com/viqhani/status/1860847358592065608","1525319961555525632","viqhani"
"1859225404395212952","2024-11-20T13:20:54.000Z","0","Persentase penduduk miskin di Jateng lebih tinggi dibanding kondisi nasional yang sebesar 9,03 persen.

#debatpilgub #pilgubjateng #debatpilgubjateng #ahmadluthfi #kemiskinan #makanmurah #sekolahgratis #kesehatangratis","1859225406437822772","","lensaRTV","in","","0","0","0","https://x.com/lensaRTV/status/1859225406437822772","2393930923","lensaRTV"
"1854001971570860417","2024-11-06T03:24:50.000Z","0","[Mabar Asik Ep.34]🎮
Halo #SahabatData
Beberapa Indikator kunci yang dapat menggambarkan pembangunan daerah diantaranya pertumbuhan ekonomi, persentase penduduk miskin, persentase pengangguran, gini rasio, dan Indeks Pembangunan Manusia (IPM).

#MabarAsik yuk! https://t.co/aeyQOarAq2","1854001971570860417","https://pbs.twimg.com/media/Gbq8zA2bMAA4A_V.jpg","","in","","0","0","0","https://x.com/BPS_Kobar/status/1854001971570860417","3032362214","BPS_Kobar"
"1745085507208421828","2024-01-10T14:09:41.000Z","12","persentase penduduk miskin mencapai sebesar 9,36% atau mencapai 25,9 juta orang(CNBC). Berarti masih bantak rakyat yang membutuhkan bansos tersebut...minimal kasih usulan yang masuk akal lah
#CapresAntiBansos https://t.co/IOFKugti9a","1745085507208421828","https://pbs.twimg.com/ext_tw_video_thumb/1745085431102767104/pu/img/7Kr8exEFQ0ZifH8X.jpg","","in","","0","5","0","https://x.com/zahradara98/status/1745085507208421828","445719162","zahradara98"
"1744792267209257464","2024-01-09T18:44:27.000Z","0","Cara Anies Entaskan Miskin Ekstrem

""Penyumbang terbesar kemiskinan adalah masyarakat yang berada di desa - desa pesisir. Bagaimana cara Anies Baswedan entaskan kemiskinan ekstrem berdasarkan pengalaman Gubernur DKI Jakarta ?."" @aniesbaswedan

Penulis: Rusdianto Samawa, FOURBES","1744792267209257464","","","in","","0","0","0","https://x.com/FrontNelayan/status/1744792267209257464","1155129834172907521","FrontNelayan"
"1742410545259536615","2024-01-03T05:00:21.000Z","0","Menurut data Badan Pusat Statistik (BPS), persentase anak-anak lebih tinggi dalam struktur penduduk miskin Indonesia pada 2022.

https://t.co/8n58ivD3Wq

#Kemiskinan #Miskin #PendudukMiskin #BPS #Databoks https://t.co/Nv16rDZ4lx","1742410545259536615","https://pbs.twimg.com/media/GC5JKGGXgAE0AB3.jpg","","in","","0","0","2","https://x.com/databoksid/status/1742410545259536615","1316329680396451841","databoksid"
"1870356468626829575","2024-12-21T06:31:46.000Z","0","kayak gini cuma 1 dari sepersekian ribu atau ratusan ribu. faktor hoki. there's a reason why persentase penduduk miskin di indonesia masih 9,03%","1870356468626829575","","","in","","0","0","0","https://x.com/cruisinglewy/status/1870356468626829575","1015189881281130497","cruisinglewy"
"1869320695056077052","2024-12-18T09:55:59.000Z","1","Persentase penduduk miskin =&gt; indikator.
DTKS &amp; Regsosek =&gt; database.

Sejauh ini, untuk urusan bantuan sosial, kita masih bergantung sama database yang penyusunannya bergantung pada konsen atau pelaporan kepala satuan setempat. Gak ada urusannya sama World Bank.","1869320698046587211","","nonparametriek","in","","0","1","0","https://x.com/nonparametriek/status/1869320698046587211","1079052462","nonparametriek"
"1869178597963169833","2024-12-18T00:31:20.000Z","0","Indonesia standar/garis kemiskinannya aja kalah dan gak update demi data yang bagus
Orang yang hanya mampu ngeluarin duit 20k sehari udah nggak dianggap miskin di Indonesia

https://t.co/TA1mu3ieGu 

https://t.co/Ck2EWdQnQj https://t.co/5S1Xvg0zuH","1869178597963169833","https://pbs.twimg.com/media/GfCoBDFbkAAiIau.jpg","","in","","0","1","0","https://x.com/ashaabull/status/1869178597963169833","1073866854899212288","ashaabull"
"1867919826792091783","2024-12-14T13:09:25.000Z","21","Kepulauan Meranti merupakan kabupaten dengan persentase penduduk miskin tertinggi di Pulau Sumatera, di mana pada tahun 2022 sebesar 23,84% lalu pada tahun 2023 sempat turun menjadi 22,98% dan pada tahun 2024 kembali meningkat menjadi 23,15% https://t.co/l83r9Dq30j","1867919826792091783","https://pbs.twimg.com/media/GewvLpubgAAiQQe.jpg","","in","","0","1","2","https://x.com/maqdisasha/status/1867919826792091783","3017267964","maqdisasha"
"1866333903029768465","2024-12-10T05:23:43.000Z","35","@anshory72 Angka Garis Kemiskinan Indonesia 2024 Rp 582.932 Mas

Angka di gambar yg Mas shared unt thn 2017

https://t.co/1ZHwvpdI5J","1866353077412049217","","anshory72","in","","1","3","1","https://x.com/MaliminRinaldi/status/1866353077412049217","4597496354","MaliminRinaldi"
"1862677177940287609","2024-11-30T02:05:05.000Z","0","Kemisinan di Banten Mengalami Penurunan, mengamati data terkini, Persentase penduduk miskin di Provinsi Banten pada Maret 2024 tercatat sebesar 5,84%, menurun 0,33 persentase dari periode sebelumnya, dibulan Maret 2023 yang mencapai 6,17%
#Ekonomi
#Banten https://t.co/dyZaPxF3v5","1862679212777513473","https://pbs.twimg.com/media/GdmQcNaW4AAL_HT.jpg","mraldy13","in","","0","0","0","https://x.com/mraldy13/status/1862679212777513473","1356456322716286976","mraldy13"
"1861692538916405335","2024-11-28T23:18:07.000Z","2","@indrasbitchhere propinsi paling banyak orang miskinnya Jatim,propinsi persentase penduduk miskin terbanyak adl NTT!BUKAN JATENG!elu masih kemakan rethorika anti PDIP dengan ngambil sample Jateng,SBY dari Jatim bukan Jateng,Suharto dari Jogja,Sukarno Surabaya,Gusdur Jatim,Habibi Sulsel!","1862274804981932383","","indrasbitchhere","in","","0","0","1","https://x.com/idoasberger/status/1862274804981932383","1500695994073157634","idoasberger"
"1861778550648635759","2024-11-28T10:16:24.000Z","0","@dusrimulya Tahun 2024 malah naik peringkat ke 4.
Sumber: https://t.co/LWxgE8Quce https://t.co/tqP4oMgmF1","1862078080342458770","https://pbs.twimg.com/media/GdduBoDaYAEhOAu.png","fiansyah1_fian","in","","0","0","0","https://x.com/fiansyah1_fian/status/1862078080342458770","567850598","fiansyah1_fian"
"1861756752783614272","2024-11-28T07:46:56.000Z","5","@gus_dibyo Coba aja liat statistik nya berapa persen yg berpendidikan tinggi dan rendah, liat juga persentase penduduk miskin nya. Faktor inilah yg dimanfaatkan, coba liat aja pilkada di Tegal sbg salah satu contohnya https://t.co/l5MSkshIIo","1862040462825267502","https://pbs.twimg.com/ext_tw_video_thumb/1862040436312866816/pu/img/S9wQiklvI4vX-U9h.jpg","gus_dibyo","in","","0","1","3","https://x.com/pudin69/status/1862040462825267502","140008012","pudin69"
"1861952569540858124","2024-11-28T07:14:54.000Z","1","@wiariutami @Piyusaja2 ya dari BPS

https://t.co/LWxgE8Quce","1862032402790613286","","wiariutami","in","","0","0","0","https://x.com/fiansyah1_fian/status/1862032402790613286","567850598","fiansyah1_fian"
"1862018415113936909","2024-11-28T07:00:01.000Z","0","@tekarok007 Heran aja masih pake stigma ginian buat ngatain Jateng,pdhal provinsi dengan jumlah penduduk miskin terbanyak adalah Jatim, sedangkan kalau berdasarkan persentase penduduk miskin maka nomer satu adl NTT","1862028656979460378","","tekarok007","in","","0","1","1","https://x.com/idoasberger/status/1862028656979460378","1500695994073157634","idoasberger"
"1860833314602676302","2024-11-25T00:45:57.000Z","101","@kompascom Pada tahun 2023, persentase penduduk miskin di Bengkulu sebesar 14,04%. Tingkat kemiskinan di Bengkulu hampir sama di pedesaan dan perkotaan. Udahlah provinsi mkskin di Sumatera . Dapat gubernur setan...  Selain bunga bangkai apa sih yg ada di bengkulu
 Ya pejabat kayak bangkee","1860847358592065608","","kompascom","in","","0","5","6","https://x.com/viqhani/status/1860847358592065608","1525319961555525632","viqhani"
"1859225404395212952","2024-11-20T13:20:54.000Z","0","Persentase penduduk miskin di Jateng lebih tinggi dibanding kondisi nasional yang sebesar 9,03 persen.

#debatpilgub #pilgubjateng #debatpilgubjateng #ahmadluthfi #kemiskinan #makanmurah #sekolahgratis #kesehatangratis","1859225406437822772","","lensaRTV","in","","0","0","0","https://x.com/lensaRTV/status/1859225406437822772","2393930923","lensaRTV"
"1854001971570860417","2024-11-06T03:24:50.000Z","0","[Mabar Asik Ep.34]🎮
Halo #SahabatData
Beberapa Indikator kunci yang dapat menggambarkan pembangunan daerah diantaranya pertumbuhan ekonomi, persentase penduduk miskin, persentase pengangguran, gini rasio, dan Indeks Pembangunan Manusia (IPM).

#MabarAsik yuk! https://t.co/aeyQOarAq2","1854001971570860417","https://pbs.twimg.com/media/Gbq8zA2bMAA4A_V.jpg","","in","","0","0","0","https://x.com/BPS_Kobar/status/1854001971570860417","3032362214","BPS_Kobar"
"1851430119006679121","2024-10-30T01:05:12.000Z","65","Berdasarkan data terbaru dari Badan Pusat Statistik (BPS), tingkat kemiskinan di Indonesia menunjukkan penurunan. Pada Maret 2024, persentase penduduk miskin turun menjadi 9,03%, dari 9,36% di tahun sebelumnya (Maret 2023). Secara keseluruhan, jumlah penduduk miskin pada Maret https://t.co/UYeUTmtFdk","1851430119006679121","https://pbs.twimg.com/media/GbGZyY-aEAAcFY4.jpg","","in","","0","121","0","https://x.com/dian_arifiya/status/1851430119006679121","859902793","dian_arifiya"
"1850753564697932022","2024-10-28T04:16:50.000Z","0","Berdasarkan data Badan Pusat Statistik (BPS), persentase penduduk miskin pada Maret 2024 sebesar 9,03 persen, menurun 0,33 persen poin terhadap Maret 2023 dan menurun 0,54 persen poin terhadap September 2022. 

Selengkapnya di sini⤵️
https://t.co/YcWkU1UjFI","1850753568195924477","","banten_pemprov","in","","0","0","0","https://x.com/banten_pemprov/status/1850753568195924477","1218018635362402304","banten_pemprov"
"1850753564697932022","2024-10-28T04:16:49.000Z","0","Pada periode Maret 2023-Maret 2024, tingkat kemiskinan di Indonesia mengalami penurunan baik dari sisi jumlah maupun persentase. 

Jumlah penduduk miskin di Indonesia pada Maret 2024 mencapai 25,22 juta orang. https://t.co/rUbptTJJ4A","1850753564697932022","https://pbs.twimg.com/media/Ga8yjkVbMAAok9O.jpg","","in","","0","1","0","https://x.com/banten_pemprov/status/1850753564697932022","1218018635362402304","banten_pemprov"
