year,province,poverty_rate,local_moran_i,p_value,quadrant,significant,lon,lat
2021,BALI,4.165,0.22715846164279244,0.338,NS,False,115.188,-8.409
2021,BANTEN,6.18,0.39555259557399564,0.119,NS,False,106.064,-6.406
2021,BENGKULU,13.870000000000001,-0.1672346404504851,0.172,NS,False,102.346,-3.8
2021,DI YOGYAKARTA,11.600000000000001,-0.01374116061244501,0.117,NS,False,110.365,-7.8
2021,DKI JAKARTA,4.43,0.5034377772783896,0.123,NS,False,106.845,-6.208
2021,GORONTALO,14.739999999999998,-0.11169519045966131,0.348,NS,False,122.446,0.541
2021,JAMBI,7.675,0.22682029849565566,0.194,NS,False,102.437,-1.609
2021,JAWA BARAT,7.74,0.21031142767170835,0.212,NS,False,107.619,-6.902
2021,JAWA TENGAH,10.684999999999999,0.05604858698342213,0.138,NS,False,110.165,-7.15
2021,JAWA TIMUR,10.48,0.05666934351026096,0.212,NS,False,112.752,-7.536
2021,KALIMANTAN BARAT,6.7,0.3886106459542185,0.088,NS,False,109.697,-0.023
2021,KALIMANTAN SELATAN,4.425,0.5109167944576332,0.119,NS,False,115.283,-3.093
2021,KALIMANTAN TENGAH,5.21,0.6354102717140938,0.029,LL,True,113.941,-1.681
2021,KALIMANTAN TIMUR,6.025,0.44214496800575276,0.081,NS,False,116.419,1.681
2021,KALIMANTAN UTARA,6.37,0.3596346713969077,0.128,NS,False,116.593,3.073
2021,KEPULAUAN BANGKA BELITUNG,4.99,0.45253076244511986,0.129,NS,False,106.116,-2.741
2021,KEPULAUAN RIAU,5.45,0.5410626406976615,0.061,NS,False,104.03,0.921
2021,LAMPUNG,11.62,-0.01391538973987806,0.144,NS,False,105.322,-4.558
2021,MALUKU,16.825,0.20884344667290516,0.262,NS,False,128.175,-3.238
2021,MALUKU UTARA,6.46,-0.5055453538510742,0.081,NS,False,127.624,1.571
2021,NUSA TENGGARA BARAT,13.025,-0.046648977865706986,0.372,NS,False,116.419,-8.6
2021,NUSA TENGGARA TIMUR,20.005,-0.3692604122043851,0.324,NS,False,121.079,-8.657
2021,PAPUA,22.475,3.1108859403440743,0.001,HH,True,138.379,-4.269
2021,PAPUA BARAT,21.465,2.5874544647836464,0.001,HH,True,133.173,-1.336
2021,PAPUA BARAT DAYA,19.395,0.7948539543928599,0.061,NS,False,131.5,-1.5
2021,PAPUA PEGUNUNGAN,28.259999999999998,4.299878639328996,0.001,HH,True,138.6,-4.0
2021,PAPUA SELATAN,23.105,3.255044889968441,0.001,HH,True,138.5,-6.5
2021,PAPUA TENGAH,27.23,4.1103130254691695,0.001,HH,True,136.5,-3.5
2021,RIAU,6.74,0.33925451643626764,0.132,NS,False,101.447,0.293
2021,SULAWESI BARAT,11.0,0.012616226426386887,0.364,NS,False,119.313,-2.84
2021,SULAWESI SELATAN,8.274999999999999,0.054231573743912895,0.421,NS,False,120.19,-3.668
2021,SULAWESI TENGAH,12.02,-0.012697532230295797,0.416,NS,False,121.445,-1.431
2021,SULAWESI TENGGARA,11.145,-0.011361824436500058,0.267,NS,False,122.39,-4.145
2021,SULAWESI UTARA,7.234999999999999,-0.07677685957018325,0.381,NS,False,124.841,0.632
2021,SUMATERA BARAT,6.025,0.37354866520256225,0.147,NS,False,100.355,-0.744
2021,SUMATERA SELATAN,11.675,-0.01432128932239203,0.222,NS,False,104.761,-3.319
2021,SUMATERA UTARA,8.1,0.26127216513712886,0.101,NS,False,98.672,2.115
2022,ACEH,13.64,-0.2600811719061358,0.027,HL,True,95.317,4.695
2022,BALI,4.1850000000000005,0.2663974598295705,0.266,NS,False,115.188,-8.409
2022,BANTEN,5.93,0.4264249877485847,0.091,NS,False,106.064,-6.406
2022,BENGKULU,13.57,-0.17442707329044657,0.13,NS,False,102.346,-3.8
2022,DI YOGYAKARTA,10.870000000000001,0.03159834556542119,0.084,NS,False,110.365,-7.8
2022,DKI JAKARTA,4.415,0.5299654051538657,0.095,NS,False,106.845,-6.208
2022,GORONTALO,14.645,-0.11468209174843463,0.337,NS,False,122.446,0.541
2022,JAMBI,7.4399999999999995,0.24347251886869103,0.162,NS,False,102.437,-1.609
2022,JAWA BARAT,7.57,0.23446500064277206,0.165,NS,False,107.619,-6.902
2022,JAWA TENGAH,10.254999999999999,0.08072294232019361,0.095,NS,False,110.165,-7.15
2022,JAWA TIMUR,9.97,0.08252171184504692,0.167,NS,False,112.752,-7.536
2022,KALIMANTAN BARAT,6.49,0.40826039872743947,0.077,NS,False,109.697,-0.023
2022,KALIMANTAN SELATAN,4.255,0.5108612589882465,0.107,NS,False,115.283,-3.093
2022,KALIMANTAN TENGAH,5.27,0.6215029236157471,0.023,LL,True,113.941,-1.681
2022,KALIMANTAN TIMUR,5.91,0.44136710294482834,0.08,NS,False,116.419,1.681
2022,KALIMANTAN UTARA,6.074999999999999,0.36019182058996213,0.125,NS,False,116.593,3.073
2022,KEPULAUAN BANGKA BELITUNG,4.765000000000001,0.48857146291256714,0.108,NS,False,106.116,-2.741
2022,KEPULAUAN RIAU,5.51,0.5512444069057937,0.039,LL,True,104.03,0.921
2022,LAMPUNG,11.094999999999999,0.011371211438383594,0.116,NS,False,105.322,-4.558
2022,MALUKU,15.875,0.17640590008106952,0.25,NS,False,128.175,-3.238
2022,MALUKU UTARA,6.130000000000001,-0.5172262405609822,0.058,NS,False,127.624,1.571
2022,NUSA TENGGARA BARAT,12.795,-0.0536781972300198,0.318,NS,False,116.419,-8.6
2022,NUSA TENGGARA TIMUR,19.535,-0.34525208270671714,0.312,NS,False,121.079,-8.657
2022,PAPUA,22.325,3.2252125956379682,0.001,HH,True,138.379,-4.269
2022,PAPUA BARAT,21.21,2.6228441862980416,0.001,HH,True,133.173,-1.336
2022,PAPUA BARAT DAYA,19.14,0.7773895199060372,0.053,NS,False,131.5,-1.5
2022,PAPUA PEGUNUNGAN,28.11,4.452960136305439,0.001,HH,True,138.6,-4.0
2022,PAPUA SELATAN,22.955,3.374095742087085,0.001,HH,True,138.5,-6.5
2022,PAPUA TENGAH,27.08,4.257253967724132,0.001,HH,True,136.5,-3.5
2022,RIAU,6.57,0.35442409351429377,0.1,NS,False,101.447,0.293
2022,SULAWESI BARAT,11.23,0.0004259730603856467,0.346,NS,False,119.313,-2.84
2022,SULAWESI SELATAN,8.2,0.049860233848525316,0.424,NS,False,120.19,-3.668
2022,SULAWESI TENGAH,11.684999999999999,-0.008770510639017834,0.416,NS,False,121.445,-1.431
2022,SULAWESI TENGGARA,10.9,-0.01458857849071916,0.238,NS,False,122.39,-4.145
2022,SULAWESI UTARA,6.99,-0.05994860641105036,0.394,NS,False,124.841,0.632
2022,SUMATERA BARAT,5.67,0.39922492433637913,0.118,NS,False,100.355,-0.744
2022,SUMATERA SELATAN,11.205,0.0024427773047910827,0.178,NS,False,104.761,-3.319
2022,SUMATERA UTARA,7.805,0.2794990249937084,0.089,NS,False,98.672,2.115
2023,ACEH,13.545,-0.2655427798030377,0.019,HL,True,95.317,4.695
2023,BALI,4.025,0.26575738193214143,0.247,NS,False,115.188,-8.409
2023,BANTEN,5.9350000000000005,0.4287456728215874,0.071,NS,False,106.064,-6.406
2023,BENGKULU,13.28,-0.16099654832272345,0.113,NS,False,102.346,-3.8
2023,DI YOGYAKARTA,10.719999999999999,0.03632795559743755,0.08,NS,False,110.365,-7.8
2023,DKI JAKARTA,4.29,0.5421118709523683,0.078,NS,False,106.845,-6.208
2023,GORONTALO,14.51,-0.10572090362579069,0.34,NS,False,122.446,0.541
2023,JAMBI,7.42,0.24587065187470925,0.128,NS,False,102.437,-1.609
2023,JAWA BARAT,7.35,0.24832316928191525,0.138,NS,False,107.619,-6.902
2023,JAWA TENGAH,10.175,0.08061497302805691,0.086,NS,False,110.165,-7.15
2023,JAWA TIMUR,9.955,0.07794806433047896,0.144,NS,False,112.752,-7.536
2023,KALIMANTAN BARAT,6.48,0.4110049950948848,0.06,NS,False,109.697,-0.023
2023,KALIMANTAN SELATAN,4.154999999999999,0.5141393553251753,0.092,NS,False,115.283,-3.093
2023,KALIMANTAN TENGAH,5.1850000000000005,0.6322506300261096,0.018,LL,True,113.941,-1.681
2023,KALIMANTAN TIMUR,5.8100000000000005,0.44844493009767805,0.067,NS,False,116.419,1.681
2023,KALIMANTAN UTARA,5.915,0.37280754294464735,0.107,NS,False,116.593,3.073
2023,KEPULAUAN BANGKA BELITUNG,4.8,0.4857382453366228,0.087,NS,False,106.116,-2.741
2023,KEPULAUAN RIAU,5.235,0.5675043787719926,0.039,LL,True,104.03,0.921
2023,LAMPUNG,10.864999999999998,0.02156255266057687,0.101,NS,False,105.322,-4.558
2023,MALUKU,16.1,0.19168454959416725,0.261,NS,False,128.175,-3.238
2023,MALUKU UTARA,6.245,-0.5008425146566521,0.09,NS,False,127.624,1.571
2023,NUSA TENGGARA BARAT,12.879999999999999,-0.06104149583249768,0.302,NS,False,116.419,-8.6
2023,NUSA TENGGARA TIMUR,19.490000000000002,-0.33611829520219727,0.298,NS,False,121.079,-8.657
2023,PAPUA,22.060000000000002,3.1828704745495835,0.001,HH,True,138.379,-4.269
2023,PAPUA BARAT,20.79,2.567884520461453,0.001,HH,True,133.173,-1.336
2023,PAPUA BARAT DAYA,18.72,0.7686335712974832,0.063,NS,False,131.5,-1.5
2023,PAPUA PEGUNUNGAN,27.845,4.4087912051510365,0.001,HH,True,138.6,-4.0
2023,PAPUA SELATAN,22.69,3.3318616269764907,0.001,HH,True,138.5,-6.5
2023,PAPUA TENGAH,26.815,4.213873192724494,0.001,HH,True,136.5,-3.5
2023,RIAU,6.52,0.36206947332351525,0.09,NS,False,101.447,0.293
2023,SULAWESI BARAT,11.100000000000001,0.0012432913196510295,0.344,NS,False,119.313,-2.84
2023,SULAWESI SELATAN,8.235,0.044304084553554765,0.414,NS,False,120.19,-3.668
2023,SULAWESI TENGAH,11.725,-0.010545293428411628,0.41,NS,False,121.445,-1.431
2023,SULAWESI TENGGARA,11.030000000000001,-0.0050362751558095135,0.26,NS,False,122.39,-4.145
2023,SULAWESI UTARA,7.04,-0.07619979105039197,0.389,NS,False,124.841,0.632
2023,SUMATERA BARAT,5.6850000000000005,0.4057346452763174,0.098,NS,False,100.355,-0.744
2023,SUMATERA SELATAN,11.145,-0.00012624939070824827,0.148,NS,False,104.761,-3.319
2023,SUMATERA UTARA,7.67,0.2866587023099061,0.079,NS,False,98.672,2.115
2024,ACEH,13.435,-0.2652449632290729,0.026,HL,True,95.317,4.695
2024,BALI,3.9,0.25287269706168797,0.28,NS,False,115.188,-8.409
2024,BANTEN,5.77,0.40317633857872737,0.09,NS,False,106.064,-6.406
2024,BENGKULU,13.04,-0.15380552884609267,0.119,NS,False,102.346,-3.8
2024,DI YOGYAKARTA,10.615,0.023791175397109357,0.083,NS,False,110.365,-7.8
2024,DKI JAKARTA,4.22,0.4988224650797049,0.092,NS,False,106.845,-6.208
2024,GORONTALO,14.219999999999999,-0.09823269500664962,0.373,NS,False,122.446,0.541
2024,JAMBI,7.18,0.23398486524470544,0.153,NS,False,102.437,-1.609
2024,JAWA BARAT,7.27,0.22460028101353993,0.16,NS,False,107.619,-6.902
2024,JAWA TENGAH,10.025,0.06972672510485586,0.095,NS,False,110.165,-7.15
2024,JAWA TIMUR,9.675,0.07756020714045109,0.159,NS,False,112.752,-7.536
2024,KALIMANTAN BARAT,6.285,0.38861269567188184,0.069,NS,False,109.697,-0.023
2024,KALIMANTAN SELATAN,4.0649999999999995,0.48246083413909535,0.123,NS,False,115.283,-3.093
2024,KALIMANTAN TENGAH,5.215,0.5767157052523312,0.027,LL,True,113.941,-1.681
2024,KALIMANTAN TIMUR,5.645,0.41802183765013756,0.084,NS,False,116.419,1.681
2024,KALIMANTAN UTARA,5.85,0.3401668217141659,0.144,NS,False,116.593,3.073
2024,KEPULAUAN BANGKA BELITUNG,4.8149999999999995,0.4535738895063103,0.089,NS,False,106.116,-2.741
2024,KEPULAUAN RIAU,5.075,0.5326885063920501,0.045,LL,True,104.03,0.921
2024,LAMPUNG,10.655,0.01861505751959153,0.104,NS,False,105.322,-4.558
2024,MALUKU,15.915,0.19772474409241628,0.266,NS,False,128.175,-3.238
2024,MALUKU UTARA,6.175000000000001,-0.47450465803614894,0.083,NS,False,127.624,1.571
2024,NUSA TENGGARA BARAT,12.41,-0.049297211921928034,0.338,NS,False,116.419,-8.6
2024,NUSA TENGGARA TIMUR,19.25,-0.32789583164637187,0.335,NS,False,121.079,-8.657
2024,PAPUA,17.675,1.9830209069338967,0.001,HH,True,138.379,-4.269
2024,PAPUA BARAT,21.375,2.764938003913882,0.001,HH,True,133.173,-1.336
2024,PAPUA BARAT DAYA,17.54,0.7613609378605136,0.048,HH,True,131.5,-1.5
2024,PAPUA PEGUNUNGAN,31.314999999999998,4.679551437621592,0.001,HH,True,138.6,-4.0
2024,PAPUA SELATAN,18.395000000000003,2.16876461667772,0.001,HH,True,138.5,-6.5
2024,PAPUA TENGAH,28.68,4.293935803678155,0.001,HH,True,136.5,-3.5
2024,RIAU,6.515000000000001,0.32665868590885333,0.095,NS,False,101.447,0.293
2024,SULAWESI BARAT,10.96,-0.001532743614361277,0.37,NS,False,119.313,-2.84
2024,SULAWESI SELATAN,7.915,0.041248060260341356,0.433,NS,False,120.19,-3.668
2024,SULAWESI TENGAH,11.405,-0.008245855223615064,0.435,NS,False,121.445,-1.431
2024,SULAWESI TENGGARA,10.920000000000002,0.0006342378455864504,0.261,NS,False,122.39,-4.145
2024,SULAWESI UTARA,6.975,-0.075347299338037,0.377,NS,False,124.841,0.632
2024,SUMATERA BARAT,5.695,0.3677359756581829,0.104,NS,False,100.355,-0.744
2024,SUMATERA SELATAN,10.74,0.010075636578197785,0.174,NS,False,104.761,-3.319
2024,SUMATERA UTARA,7.59,0.2571919252935057,0.078,NS,False,98.672,2.115
